date,avg_price,min_price,max_price,mandi_count,is_observed,day,month,day_of_week,day_of_year,lag_1_day,lag_7_day,lag_14_day,lag_30_day,ma_7,ma_14,ma_30,std_7,std_14,change_1_day,change_7_day
2025-01-31,1982.0408163265306,1230.0,2800.0,49.0,1,31,1,4,31,2047.5573770491803,2164.9795918367345,1929.6940816326533,2359.464285714286,2105.918520909595,2135.216315772598,1816.2504366545213,82.31357439104595,68.03120951281103,-0.031997423592138086,-0.08449907620376296
2025-02-01,2306.873015873016,1150.0,3200.0,63.0,1,1,2,5,32,1982.0408163265306,2158.074074074074,2086.2127659574467,2000.56,2127.1755125951577,2150.9777621951393,1826.460870516955,111.91710967322467,80.26587605688864,0.1638877448288487,0.06894987692337873
2025-02-02,2064.464285714286,1300.0,2725.0,28.0,1,2,2,6,33,2306.873015873016,2213.269230769231,2185.344827586207,2059.9056603773583,2105.9176633015945,2142.343437775716,1826.6128246948526,106.85654963345651,82.7478588075426,-0.10508108963552665,-0.06723309707930447
2025-02-03,2103.793103448276,1300.0,2800.0,29.0,1,3,2,0,34,2064.464285714286,2141.34,2179.8846153846152,1353.28125,2100.553820937062,2136.9083297802636,1851.6298864764617,105.71842269319194,82.59117500799314,0.019050374475421128,-0.017534299341405046
2025-02-04,1297.9574468085107,886.0,2250.0,47.0,1,4,2,1,35,2103.793103448276,2155.796296296296,2184.5208333333335,1071.1363636363637,1978.0054138673788,2073.582373599919,1859.190589248867,317.028056995403,237.63353943510725,-0.38303940407397463,-0.397922035102097
2025-02-05,988.4561818181818,600.0,1933.0,55.0,1,5,2,2,36,1297.9574468085107,2043.351851851852,2169.7894736842104,1071.1363636363637,1827.3060324339972,1989.2014241809168,1856.4345831882606,486.31370778451793,372.37978019490896,-0.23845255154654543,-0.5162574762039331
2025-02-06,1095.2484375,400.0,1750.0,64.0,1,6,2,3,37,988.4561818181818,2047.5573770491803,2180.866666666667,1325.0935,1691.2618982126858,1911.6572649547265,1848.773081104927,544.1886554891177,436.85062871133647,0.10803944337257598,-0.465095117833324
2025-02-07,1351.4915254237287,900.0,1800.0,59.0,1,7,2,4,38,1095.2484375,1982.0408163265306,2164.9795918367345,1220.7358490566037,1601.183428083714,1853.5509744966546,1853.1316036504982,540.2068073307015,454.31646154902904,0.23395887101982638,-0.3181313349900874
2025-02-08,1236.2641509433963,450.0,1900.0,53.0,1,8,2,5,39,1351.4915254237287,2306.873015873016,2158.074074074074,1254.0,1448.2393045223398,1787.707408558749,1852.5404086819447,451.36188698007004,473.19359072549696,-0.08525941325766395,-0.464095274236175
2025-02-09,1243.7045454545455,500.0,2200.0,44.0,1,9,2,6,40,1236.2641509433963,2064.464285714286,2213.269230769231,1254.0,1330.9879130566628,1718.4527881791287,1852.197226863763,362.45260304548816,477.05407549277567,0.0060184504302509545,-0.3975654826965267
2025-02-10,1144.8076923076924,450.0,1600.0,26.0,1,10,2,0,41,1243.7045454545455,2103.793103448276,2141.34,1254.0,1193.9899971794366,1647.2719090582493,1848.5574832740194,125.35785199825212,483.4052877274603,-0.07951796389930266,-0.4558363698258797
2025-02-13,2395.4406779661017,1600.0,3155.0,59.0,1,13,2,3,44,1144.8076923076924,1095.2484375,2047.5573770491803,1919.057142857143,1380.1891395301213,1535.7255188714037,1837.7187805981641,454.07689569081793,507.83436381741706,1.0924393625774784,1.1871208357383316
2025-02-14,2491.685185185185,1350.0,3150.0,54.0,1,14,2,4,45,2395.4406779661017,1351.4915254237287,1982.0408163265306,1943.4871794871794,1543.0739480674722,1572.1286880755931,1855.9920474547644,617.2512513402946,558.0704051697794,0.040178205248147414,0.8436557968086225
2025-02-15,2475.1458333333335,1450.0,3100.0,48.0,1,15,2,5,46,2491.685185185185,1236.2641509433963,2306.873015873016,1847.2372881355932,1720.0570455517488,1584.1481750370444,1876.922332294689,688.156870901395,576.6162360041171,-0.00663781763048954,1.0021172913932217
2025-02-16,2392.2916666666665,1350.0,3305.0,24.0,1,16,2,6,47,2475.1458333333335,1243.7045454545455,2064.464285714286,1929.6940816326533,1884.1409200106232,1607.564416533643,1892.342251795823,692.5655601081395,603.6451797125048,-0.033474458575673216,0.9235208839671312
2025-02-17,2433.4603174603176,1086.0,3300.0,63.0,1,17,2,0,48,2392.2916666666665,1144.8076923076924,2103.793103448276,2086.2127659574467,2068.234152175284,1631.1120746773602,1903.9171701792518,631.9003458107464,630.3317671894067,0.01720887606109245,1.1256498657472958
2025-02-18,2381.6382978723404,1190.0,3500.0,47.0,1,18,2,1,49,2433.4603174603176,1144.8076923076924,1297.9574468085107,2185.344827586207,2244.9242386845194,1708.5178497533484,1910.4602858554563,486.9562450016203,652.4244858683088,-0.021295609061774745,1.0803828572041274
2025-02-19,2267.2,1350.0,3200.0,35.0,1,19,2,2,50,2381.6382978723404,1144.8076923076924,988.4561818181818,2179.8846153846152,2405.265996926278,1799.8566939091922,1913.370798675969,74.19764726073066,633.0869538002682,-0.04805024254714718,0.9804199563245419
2025-02-20,2165.1396923076927,1201.0,3500.0,65.0,1,20,2,3,51,2267.2,2395.4406779661017,1095.2484375,2184.5208333333335,2372.3658561179336,1876.2774978240275,1912.7247606417811,117.6285931614226,605.4613694125827,-0.04501601433146929,-0.09614138549820017
2025-02-21,2135.823684210526,951.0,3100.0,57.0,1,21,2,4,52,2165.1396923076927,2491.685185185185,1351.4915254237287,2169.7894736842104,2321.5284988358394,1932.3012234516557,1911.592567659325,133.31851216068728,589.2373039288441,-0.01354000769618724,-0.14281960782626357
2025-02-22,2112.744680851064,1500.0,3000.0,47.0,1,22,2,5,53,2135.823684210526,2475.1458333333335,1236.2641509433963,2180.866666666667,2269.756905624087,1994.9069755879177,1909.3218347988047,134.08533741417443,555.173383633926,-0.01080566880594025,-0.14641608086349234
2025-02-23,1948.2,1400.0,2800.0,25.0,1,23,2,6,54,2112.744680851064,2392.2916666666665,1243.7045454545455,2164.9795918367345,2206.31523895742,2045.228079484022,1902.095848404247,167.37354762202935,512.1037138202063,-0.07788195248693341,-0.1856344160933553
2025-02-24,2056.7379032258063,1130.0,2600.0,62.0,1,24,2,0,55,1948.2,2433.4603174603176,1144.8076923076924,2158.074074074074,2152.497751209633,2110.3659516924586,1898.717976042638,140.58666687942582,441.956070482108,0.05571188955230788,-0.15480935174142385
2025-02-25,2033.549019607843,1080.0,2800.0,51.0,1,25,2,1,56,2056.7379032258063,2381.6382978723404,1144.8076923076924,2213.269230769231,2102.7707114575614,2173.8474750710407,1892.7273023372584,102.4057507116189,346.01096275541204,-0.011274593413965639,-0.1461553916795284
2025-02-26,2060.967741935484,1500.0,2600.0,31.0,1,26,2,2,57,2033.549019607843,2267.2,1144.8076923076924,2141.34,2073.308960305488,2239.287478615883,1890.0482270684413,72.5214457207035,186.1083359555522,0.013483187306164934,-0.09096341657750351
2025-02-27,2054.6153846153848,1191.0,2600.0,65.0,1,27,2,3,58,2060.967741935484,2165.1396923076927,2395.4406779661017,2155.796296296296,2057.5197734923013,2214.9428148051175,1886.6755300124107,60.1770139214225,186.40211882013665,-0.0030822206436542654,-0.051047194823030884
2025-02-28,2057.8823529411766,1301.0,2500.0,51.0,1,28,2,4,59,2054.6153846153848,2135.823684210526,2491.685185185185,2043.351851851852,2046.38529759668,2183.9568982162596,1887.1598800487216,49.54531794696008,172.38923298737612,0.0015900632061136566,-0.03649239955785932
2025-03-01,2270.0440384615385,1525.0,3250.0,52.0,1,1,3,5,60,2057.8823529411766,2112.744680851064,2475.1458333333335,2047.5573770491803,2068.856634398176,2169.306770011132,1894.5761020958005,97.3082464462117,153.40992136221874,0.10309709163749581,0.07445261087918609
2025-03-02,1974.7,1100.0,3020.0,60.0,1,2,3,6,61,2270.0440384615385,1948.2,2392.2916666666665,1982.0408163265306,2072.6423486838908,2139.478793820655,1894.3314082182492,92.21396848900321,147.18995266392744,-0.13010498186709185,0.013602299558566955
2025-03-03,2029.8387096774193,1350.0,2836.0,62.0,1,3,3,0,62,1974.7,2056.7379032258063,2433.4603174603176,2306.873015873016,2068.7996067484064,2110.6486789790197,1885.0969313450628,93.53816455929748,122.66364976327375,0.027922575417744122,-0.013078571414567808
2025-03-04,1267.8870967741937,837.0,2000.0,62.0,1,4,3,1,63,2029.8387096774193,2033.549019607843,2381.6382978723404,2064.464285714286,1959.4193320578852,2031.0950217577233,1858.544358380393,318.58182169173716,239.19923338291738,-0.3753754469606674,-0.3765151050950827
2025-03-05,993.6853703703704,275.0,1700.0,54.0,1,5,3,2,64,1267.8870967741937,2060.967741935484,2267.2,2103.793103448276,1806.9504218342975,1940.129691069893,1821.5407672777962,477.5927288302536,356.094099154388,-0.21626667477053574,-0.5178549619426909
2025-03-06,1132.7868852459017,500.0,1700.0,61.0,1,6,3,3,65,993.6853703703704,2054.6153846153848,2165.1396923076927,1297.9574468085107,1675.2606362100855,1866.3902048511936,1816.035081892376,522.8658257782979,408.89032164487395,0.1399854712801949,-0.44866231717721006
2025-03-07,1331.605076923077,300.0,1900.0,65.0,1,7,3,4,66,1132.7868852459017,2057.8823529411766,2135.823684210526,988.4561818181818,1571.5067396360714,1808.9460186163756,1827.4733783958725,506.07603159596295,424.32660557241684,0.1755124412779694,-0.35292458530493065
2025-03-08,1254.1379310344828,850.0,2000.0,29.0,1,8,3,5,67,1331.605076923077,2270.0440384615385,2112.744680851064,1095.2484375,1426.3772957179208,1747.6169650580484,1832.7696948470218,408.65805039469893,438.84031913508414,-0.0581757663973439,-0.4475270480283541
2025-03-09,1234.5294117647059,500.0,2250.0,51.0,1,9,3,6,68,1254.1379310344828,1974.7,1948.2,1351.4915254237287,1320.638640255736,1696.6404944698131,1828.8709577250545,331.63523954485396,454.9045216618144,-0.0156350579825002,-0.3748268538184505
2025-03-10,1160.1308888888889,837.0,2100.0,45.0,1,10,3,0,69,1234.5294117647059,2029.8387096774193,2056.7379032258063,1236.2641509433963,1196.3946658573743,1632.5971363028905,1826.3331823232375,111.52999313252839,463.3445551889668,-0.060264682369509104,-0.42846154063479447
2025-03-12,1271.1538461538462,550.0,2500.0,13.0,1,12,3,2,71,1160.1308888888889,993.6853703703704,2060.967741935484,1144.8076923076924,1220.639275557113,1513.7948486957052,1827.7589322325873,72.13505726042555,447.46743307160705,0.09569864773731629,0.2792317206804169
2025-03-13,1427.4,1112.0,1800.0,5.0,1,13,3,3,72,1271.1538461538462,1132.7868852459017,2054.6153846153848,1144.8076923076924,1262.726863379127,1468.9937497946064,1837.178675822331,94.7392898641788,419.691244287097,0.12291679273827527,0.2600781476121563
2025-03-14,1456.851851851852,950.0,1900.0,27.0,1,14,3,4,73,1427.4,1331.605076923077,2057.8823529411766,1144.8076923076924,1280.6192597975237,1426.0629997167975,1847.5801478071362,118.71010639732951,384.0457279908817,0.020633215533033322,0.09405699715277538
2025-03-15,1508.2,1000.0,2600.0,45.0,1,15,3,5,74,1456.851851851852,1254.1379310344828,2270.0440384615385,2395.4406779661017,1316.9138410783114,1371.6455683981162,1818.0054585415994,145.15692215140177,300.0473645765008,0.03524596415406123,0.20257904866648335
2025-03-16,1597.7575757575758,1000.0,3500.0,33.0,1,16,3,6,75,1508.2,1234.5294117647059,1974.7,2491.685185185185,1368.803578791579,1344.7211095236576,1788.2078715606792,173.0420889294547,255.3538260861473,0.05938043744700683,0.29422398569966113
2025-03-17,1433.378787878788,1000.0,2666.0,66.0,1,17,3,0,76,1597.7575757575758,1160.1308888888889,2029.8387096774193,2475.1458333333335,1407.838992932993,1302.1168293951837,1753.482303378861,146.98112603523094,166.57980456502938,-0.10288093160869394,0.23553195730492216
2025-03-18,1438.6969696969697,1000.0,2600.0,66.0,1,18,3,1,77,1433.378787878788,1160.1308888888889,1267.8870967741937,2392.2916666666665,1447.6341473341474,1314.3175346039534,1721.695813479871,98.42767072633106,170.097995732613,0.003710241747090448,0.24011607955277925
2025-03-19,1364.7083333333333,1000.0,1750.0,48.0,1,19,3,2,78,1438.6969696969697,1271.1538461538462,993.6853703703704,2433.4603174603176,1460.999074074074,1340.8191748155934,1686.0707473423051,73.72141620466527,143.0531898819047,-0.051427533331929176,0.07359808371154797
2025-03-20,1348.0694444444443,877.0,2400.0,72.0,1,20,3,3,79,1364.7083333333333,1427.4,1132.7868852459017,2381.6382978723404,1449.6661375661376,1356.1965004726321,1651.6184522280419,84.98454620667673,129.94065498853794,-0.012192267374998789,-0.0555769619977271
2025-03-21,1307.732142857143,850.0,2000.0,56.0,1,21,3,4,80,1348.0694444444443,1456.851851851852,1331.605076923077,2267.2,1428.363321995465,1354.4912908964943,1619.6361903232798,100.2091090913719,130.44385975942117,-0.029922272738645894,-0.10235749695836138
2025-03-22,1310.0576923076924,350.0,2300.0,52.0,1,22,3,5,81,1307.732142857143,1508.2,1254.1379310344828,2165.1396923076927,1400.057278039421,1358.4855595588665,1591.1334569899466,101.869929533735,127.96724233299747,0.0017783071734158717,-0.13137667928146646
2025-03-23,1422.1875,850.0,2700.0,32.0,1,23,3,6,82,1310.0576923076924,1597.7575757575758,1234.5294117647059,2135.823684210526,1374.9758386454814,1371.8897087185303,1567.3455841829289,56.66522162508968,123.74303712138916,0.08559150360377554,-0.10988530326594093
2025-03-24,1374.1846153846154,1000.0,2250.0,65.0,1,24,3,0,83,1422.1875,1433.378787878788,1160.1308888888889,2112.744680851064,1366.5195282891711,1387.1792606110823,1542.7269153340471,50.5879453890744,107.75723903230312,-0.033752852289437585,-0.04129695025121183
2025-03-25,1456.0767692307693,900.0,2700.0,65.0,1,25,3,1,84,1374.1846153846154,1438.6969696969697,1160.1308888888889,1948.2,1369.0023567939995,1408.3182520640735,1526.3228076417397,54.95847918706813,86.77601560137391,0.059593269295358464,0.012080236422170376
2025-03-26,1400.0655737704917,1000.0,2350.0,61.0,1,26,3,2,85,1456.0767692307693,1364.7083333333333,1271.1538461538462,2056.7379032258063,1374.053391142165,1417.5262326081195,1504.4337299932295,56.11075473691275,77.4388171685167,-0.03846719942511534,0.02590827620345637
2025-03-27,1387.095238095238,638.0,2000.0,63.0,1,27,3,3,86,1400.0655737704917,1348.0694444444443,1427.4,2033.549019607843,1379.62850452085,1414.6473210434938,1482.8852706094758,55.02704160158732,77.79189969564436,-0.009264091567028121,0.028949394121811522
2025-03-28,1336.659574468085,800.0,2500.0,47.0,1,28,3,4,87,1387.095238095238,1307.732142857143,1456.851851851852,2060.967741935484,1383.7609947509845,1406.0621583732247,1458.741665027229,49.54047443828576,79.39169279322067,-0.03636063497443143,0.022120303281481846
2025-03-29,1406.9354838709678,900.0,2600.0,31.0,1,29,3,5,88,1336.659574468085,1310.0576923076924,1508.2,2054.6153846153848,1397.600679260024,1398.8289786497223,1437.1523350024152,37.61576293962267,73.78539101804999,0.05257577227982568,0.0739492559237016
2025-03-30,1328.75,875.0,1800.0,20.0,1,30,3,6,89,1406.9354838709678,1422.1875,1597.7575757575758,2057.8823529411766,1384.2524649743098,1379.6141518098955,1412.8479232377094,43.54758745197569,48.78936956600896,-0.05557147770262527,-0.06569984618765101
2025-03-31,1238.888888888889,950.0,1600.0,18.0,1,31,3,0,90,1328.75,1374.1846153846154,1433.378787878788,2270.0440384615385,1364.9245040463486,1365.7220161677599,1378.476084918621,70.46579711566507,58.936939604452455,-0.06762830563395006,-0.09845527666445242
2025-04-01,2311.9245283018868,1300.0,3500.0,53.0,1,1,4,1,91,1238.888888888889,1456.0767692307693,1438.6969696969697,1974.7,1487.188469627937,1428.0954132109684,1389.7169025286837,368.2511690211055,260.2755932813716,0.8661274219477113,0.5877765356583866
2025-04-02,2034.6,1052.0,2900.0,55.0,1,2,4,2,92,2311.9245283018868,1400.0655737704917,1364.7083333333333,2029.8387096774193,1577.836244803581,1475.9448179728731,1389.8756122061031,417.97196706320375,305.39255599579315,-0.11995397120752138,0.4532176478853449
2025-04-03,2076.46875,1300.0,2750.0,64.0,1,3,4,3,93,2034.6,1387.095238095238,1348.0694444444443,1267.8870967741937,1676.3181750756899,1527.9733397982698,1416.828333980297,445.8259751987698,341.80733607882655,0.020578369212621794,0.49699075663428194
2025-04-04,1217.4132142857143,800.0,2000.0,56.0,1,4,4,4,94,2076.46875,1336.659574468085,1307.732142857143,993.6853703703704,1659.2829807639225,1521.5219877574534,1424.2859287774747,462.91813785410267,347.0954249736276,-0.41370983103612113,-0.08921221413449576
2025-04-05,1007.5,550.0,1550.0,30.0,1,5,4,5,95,1217.4132142857143,1406.9354838709678,1310.0576923076924,1132.7868852459017,1602.2207687823557,1499.91072402119,1420.109699269278,520.2736998762637,369.9418711150406,-0.1724256085136019,-0.2839046199701938
2025-04-06,1162.232142857143,600.0,1750.0,56.0,1,6,4,6,96,1007.5,1328.75,1422.1875,1331.605076923077,1578.4325034762333,1481.3424842252714,1414.4639348004137,538.3541113583825,380.5158295777658,0.1535802906770649,-0.12531917752990185
2025-04-07,1309.6433962264152,623.0,1850.0,53.0,1,7,4,0,97,1162.232142857143,1238.888888888889,1374.1846153846154,1254.1379310344828,1588.540290238737,1476.7323971425428,1416.3141169734781,531.5376188937311,382.30073568761003,0.12683460380547373,0.05711126152804824
2025-04-08,1161.6091525423728,350.0,1800.0,59.0,1,8,4,1,98,1309.6433962264152,2311.9245283018868,1456.0767692307693,1234.5294117647059,1424.209522273092,1455.6989959505147,1413.883441666067,440.67120644734683,391.5140660993877,-0.11303400918951356,-0.49755749449330977
2025-04-09,1190.1698113207547,450.0,2200.0,53.0,1,9,4,2,99,1161.6091525423728,2034.6,1400.0655737704917,1160.1308888888889,1303.576638176057,1440.706441489819,1414.8847390804626,352.4860931239111,397.77711462720436,0.024587150261232038,-0.4150349890294138
2025-04-10,1159.0,400.0,2000.0,45.0,1,10,4,3,100,1190.1698113207547,2076.46875,1387.095238095238,1160.1308888888889,1172.5096738903428,1424.4139244830162,1414.8470427841664,90.15636321752167,404.7519981873495,-0.02618938156914341,-0.4418408656523244
2025-04-11,1347.5,1000.0,1600.0,14.0,1,11,4,4,101,1159.0,1217.4132142857143,1336.659574468085,1271.1538461538462,1191.093500420955,1425.1882405924387,1417.3919145790383,111.77119113315413,404.5815380777062,0.16264020707506477,0.10685507943218009
2025-04-12,1178.1818181818182,500.0,1770.0,11.0,1,12,4,5,102,1347.5,1007.5,1406.9354838709678,1427.4,1215.4766173040719,1408.8486930432139,1409.0846418517654,78.79845432369382,409.95892388795073,-0.1256535672120087,0.16941123392736301
2025-04-14,1091.7586206896551,700.0,2000.0,29.0,1,14,4,0,104,1178.1818181818182,1309.6433962264152,1238.888888888889,1508.2,1186.6287458452027,1387.5845180419697,1385.9142614190862,77.91498467879636,420.3462880246291,-0.07335302256279275,-0.1663695446902338
2025-04-15,1032.564,650.0,1814.0,65.0,1,15,4,1,105,1091.7586206896551,1161.6091525423728,2311.9245283018868,1597.7575757575758,1168.193724053435,1296.2016231632638,1367.0744755605003,97.6007895195608,334.170208717148,-0.05421951296547789,-0.11109171467867329
2025-04-16,1084.83453125,600.0,2000.0,64.0,1,16,4,2,106,1032.564,1190.1698113207547,2034.6,1433.378787878788,1153.1458269004704,1228.3612325382637,1355.456333672874,101.68269013719888,261.1686595271073,0.05062207403124641,-0.08850441262147457
2025-04-17,1059.5626315789473,525.0,1800.0,57.0,1,17,4,3,107,1084.83453125,1159.0,2076.46875,1438.6969696969697,1138.9404885546057,1155.7250812224743,1342.8185224022732,107.5075334433896,96.89818334748317,-0.02329562614672054,-0.08579583125198686
2025-04-18,1022.2685714285714,650.0,1250.0,42.0,1,18,4,4,108,1059.5626315789473,1347.5,1217.4132142857143,1364.7083333333333,1092.4788559015444,1141.7861781612496,1331.4038636721145,63.7072755558522,101.27854399335895,-0.03519759855517057,-0.24135913066525316
2025-04-19,1045.9918367346938,543.0,1740.0,49.0,1,19,4,5,109,1022.2685714285714,1178.1818181818182,1007.5,1348.0694444444443,1073.5945728376694,1144.5355950708708,1321.3346100817894,52.71216483893901,97.81592337406934,0.023206489927564133,-0.11219828672209631
2025-04-20,1098.9032258064517,650.0,1600.0,31.0,1,20,4,6,110,1045.9918367346938,1178.1818181818182,1162.232142857143,1307.732142857143,1062.2690596411885,1140.0121009958214,1314.3736461800997,30.209267933081648,98.39718984099324,0.050584896758786524,-0.06728892871365988
2025-04-21,1047.9707272727273,543.0,1866.0,55.0,1,21,4,0,111,1098.9032258064517,1091.7586206896551,1309.6433962264152,1310.0576923076924,1056.013646295913,1121.3211960705578,1305.6374140122675,27.496957223064598,88.00001301141985,-0.046348483958945974,-0.040107669027854675
2025-04-22,1081.9639655172414,700.0,1866.0,58.0,1,22,4,1,112,1047.9707272727273,1032.564,1161.6091525423728,1422.1875,1063.0707842269476,1115.6322541401914,1294.296629529509,26.806114740870186,87.76928019015097,0.032437202070499715,0.0478420374109898
2025-04-23,1156.1503508771932,600.0,7800.0,57.0,1,23,4,2,113,1081.9639655172414,1084.83453125,1190.1698113207547,1374.1846153846154,1073.2587584594037,1113.202292679937,1287.028820712595,44.300090360310385,86.00000350681158,0.06856641045756673,0.06573889157549173
2025-04-24,1035.803484848485,527.0,1650.0,66.0,1,24,4,3,114,1156.1503508771932,1059.5626315789473,1159.0,1456.0767692307693,1069.8645946407662,1104.402541597686,1273.0197112331853,46.38544892014264,87.24724136333347,-0.10409274705266391,-0.02242354158437687
2025-04-25,1050.7,675.0,1800.0,50.0,1,25,4,4,115,1035.803484848485,1022.2685714285714,1347.5,1400.0655737704917,1073.9262272938274,1083.202541597686,1261.3741921075023,42.614710825819266,52.95316023404383,0.014381603624064043,0.02781209299205689
2025-04-26,1034.994423076923,500.0,1750.0,52.0,1,26,4,5,116,1050.7,1045.9918367346938,1178.1818181818182,1387.095238095238,1072.3551681998601,1072.9748705187649,1249.6374982735583,43.99651328901942,46.65006344717177,-0.014947727156254809,-0.010513861840549033
2025-04-27,999.0384615384615,700.0,1400.0,26.0,1,27,4,6,117,1034.994423076923,1098.9032258064517,1178.1818181818182,1336.659574468085,1058.088773304433,1060.178916472811,1238.3834611759044,49.76610131295851,39.61036192346961,-0.03474024664941522,-0.0908767595933686
2025-04-28,1026.931052631579,350.0,1900.0,57.0,1,28,4,0,118,999.0384615384615,1047.9707272727273,1091.7586206896551,1406.9354838709678,1055.083105498555,1055.5483758972339,1225.716646801258,51.09660697910499,39.42344683002768,0.027919436705334144,-0.02007658619998165
2025-04-29,1016.9038888888889,627.0,1733.0,54.0,1,29,4,1,119,1026.931052631579,1081.9639655172414,1032.564,1328.75,1045.7888088373616,1054.4297965321546,1215.3217764308877,51.30880977191341,40.33733129028566,-0.009764203465261634,-0.060131463433026666
2025-04-30,1026.9130303030304,600.0,1400.0,33.0,1,30,4,2,120,1016.9038888888889,1156.1503508771932,1084.83453125,1238.888888888889,1027.326334469624,1050.2925464645139,1208.2559144780257,16.25909026090917,39.94745841518151,0.009842760484550794,-0.11178245154370103
2025-05-01,2372.8214285714284,1500.0,3200.0,28.0,1,1,5,3,121,1026.9130303030304,1035.803484848485,1059.5626315789473,2311.9245283018868,1218.3288978586158,1144.096746249691,1210.2858111536773,509.3292124160285,355.8903149530585,1.3106352325388606,1.290802708506546
2025-05-02,2063.76,1072.0,3125.0,50.0,1,2,5,4,122,2372.8214285714284,1050.7,1022.2685714285714,2034.6,1363.051755001473,1218.4889911476505,1211.2578111536773,591.1202420173003,429.67003639742865,-0.13025060581887127,0.9641762634434188
2025-05-03,2025.6043055555556,1250.0,2750.0,72.0,1,3,5,5,123,2063.76,1034.994423076923,1045.9918367346938,2076.46875,1504.5674524984206,1288.4613103491404,1209.5623296721956,617.4822890692875,476.61841925252537,-0.018488435886171217,0.9571161548229987
2025-05-04,1267.8749019607844,877.0,2000.0,51.0,1,4,5,6,124,2025.6043055555556,999.0384615384615,1098.9032258064517,1217.4132142857143,1542.9726582730382,1300.5307157887357,1211.2443859280313,588.4790208453152,473.5787379540218,-0.3740757271874732,0.26909518579327796
2025-05-05,964.0524193548387,450.0,1733.0,62.0,1,5,5,0,125,1267.8749019607844,1026.931052631579,1047.9707272727273,1007.5,1533.9899963763612,1294.5365509374576,1209.7961332398593,598.0705413554498,477.5358826266167,-0.23963127760955005,-0.06122965423589988
2025-05-06,1167.3030303030303,350.0,1800.0,66.0,1,6,5,1,126,964.0524193548387,1016.9038888888889,1081.9639655172414,1162.232142857143,1555.4755880069526,1300.6321984221572,1209.965162821389,578.788981210007,475.1524303917114,0.2108294184710522,0.14789907193537588
2025-05-07,1339.7777777777778,500.0,1900.0,54.0,1,7,5,2,127,1167.3030303030303,1026.9130303030304,1156.1503508771932,1309.6433962264152,1600.1705519319164,1313.7484432007702,1210.9696422064342,542.0860629626504,473.38849610886257,0.14775490425136084,0.30466528152089434
2025-05-08,1183.6666666666667,700.0,1850.0,66.0,1,8,5,3,128,1339.7777777777778,2372.8214285714284,1035.803484848485,1161.6091525423728,1430.2913002312362,1324.3100990449261,1211.7048926772443,435.4341102299788,468.332793896126,-0.11652015259578696,-0.5011564492742715
2025-05-09,1243.5185185185185,800.0,2000.0,27.0,1,9,5,4,129,1183.6666666666667,2063.76,1050.7,1190.1698113207547,1313.1139457338816,1338.0828503676773,1213.4831829171696,335.43626758388024,462.465967777403,0.05056478613223181,-0.3974500336674234
2025-05-10,1299.4615384615386,800.0,2750.0,26.0,1,10,5,5,130,1243.5185185185185,2025.6043055555556,1034.994423076923,1159.0,1209.3792647204507,1356.9733586094358,1218.1652341992208,124.04476660627428,454.46546118512344,0.044987685434446645,-0.3584820416813146
2025-05-12,1383.3333333333333,600.0,2500.0,15.0,1,12,5,0,132,1299.4615384615386,964.0524193548387,1026.931052631579,1178.1818181818182,1273.7889147889148,1403.8894555826378,1223.4023359863227,79.63483008602527,431.55769572451436,0.06454349927978043,0.434915058103464
2025-05-13,1076.6451612903227,500.0,2500.0,31.0,1,13,5,1,133,1383.3333333333333,1167.3030303030303,1016.9038888888889,1178.1818181818182,1260.8377906442422,1408.1566893255974,1220.0177807566063,103.60383809611665,427.71509666993524,-0.22170229304314015,-0.07766438247759277
2025-05-15,1032.8870967741937,325.0,1800.0,62.0,1,15,5,3,135,1076.6451612903227,1183.6666666666667,2372.8214285714284,1032.564,1201.7074783042524,1315.9993892677444,1219.5247686691014,137.616202017935,332.1403171067835,-0.040642976989453516,-0.12738347217049262
2025-05-16,1051.52125,650.0,4000.0,64.0,1,16,5,4,136,1032.8870967741937,1243.5185185185185,2063.76,1084.83453125,1174.2792970873213,1243.6966214106014,1218.4143259607679,146.72588874123,258.953302153694,0.018040842299223758,-0.154398399106478
2025-05-17,1018.5416666666666,675.0,1750.0,48.0,1,17,5,5,137,1051.52125,1299.4615384615386,2025.6043055555556,1059.5626315789473,1134.147886830911,1171.763575775681,1217.0469604636924,145.19000419611774,135.47994725656227,-0.03136368697573477,-0.21618175181041466
2025-05-18,1049.0625,700.0,1500.0,32.0,1,18,5,6,138,1018.5416666666666,1299.4615384615386,1267.8749019607844,1022.2685714285714,1098.3765956221198,1156.1341184927676,1217.9400914160728,127.43275784004429,136.15908605472788,0.029965228062998506,-0.19269445924347373
2025-05-19,964.1081666666666,350.0,1675.0,60.0,1,19,5,0,139,1049.0625,1383.3333333333333,964.0524193548387,1045.9918367346938,1038.4872860983103,1156.1381004436125,1215.210635747139,39.06236360998797,136.15303722914928,-0.08098119352596567,-0.3030543373493976
2025-05-20,998.2321666666667,500.0,1750.0,60.0,1,20,5,1,140,964.1081666666666,1076.6451612903227,1167.3030303030303,1098.9032258064517,1027.2854297235024,1144.0616101838723,1211.8549337758125,37.508420393264814,142.43953905825902,0.03539436878538349,-0.07283086149728357
2025-05-21,997.6613559322035,500.0,1666.0,59.0,1,21,5,2,141,998.2321666666667,1076.6451612903227,1339.7777777777778,1047.9707272727273,1016.0020289580567,1119.6247229091884,1210.1779547311285,31.599805696120317,135.45514315264055,-0.0005718216197833081,-0.07336103685587536
2025-05-22,1016.55875,350.0,1750.0,64.0,1,22,5,3,142,997.6613559322035,1032.8870967741937,1183.6666666666667,1081.9639655172414,1013.6694079903148,1107.6884431472838,1207.9977808805536,30.736522518832757,136.7343924020496,0.018941691943293648,-0.015808452661659422
2025-05-23,1059.9103703703704,500.0,3500.0,54.0,1,23,5,4,143,1016.55875,1051.52125,1243.5185185185185,1156.1503508771932,1014.8678537575105,1094.5735754224158,1204.7897815303263,32.567401011373,131.4056435794843,0.04264546478043729,0.007978079730077248
2025-05-24,1020.7918867924528,350.0,1400.0,53.0,1,24,5,5,144,1059.9103703703704,1018.5416666666666,1299.4615384615386,1035.803484848485,1015.18931377548,1074.6686003031957,1204.2893949284587,32.6207693607386,118.44976502064993,-0.03690735053780836,0.00220925682220785
2025-05-25,1128.5714285714287,600.0,1700.0,28.0,1,25,5,6,145,1020.7918867924528,1049.0625,1299.4615384615386,1050.7,1026.5477321428268,1062.4621638824733,1206.8851092141729,53.52523252022673,101.02634820944327,0.10558424608726291,0.07579045916847527
2025-05-26,1114.4338181818182,450.0,1700.0,55.0,1,26,5,0,146,1128.5714285714287,964.1081666666666,1383.3333333333333,1034.994423076923,1048.02282521642,1043.2550556573651,1209.533089051003,54.446779094866464,45.79230939765574,-0.01252699654775613,0.15592197713135403
2025-05-27,1181.4083018867925,600.0,1700.0,53.0,1,27,5,1,147,1114.4338181818182,998.2321666666667,1076.6451612903227,999.0384615384615,1074.190844533581,1050.7381371285417,1215.6120837292806,68.68518712904633,58.47263131842572,0.060097318128987,0.18350053358007323
2025-05-28,1158.6842105263158,640.0,1733.0,57.0,1,28,5,2,148,1181.4083018867925,997.6613559322035,1076.6451612903227,1026.931052631579,1097.1941094755969,1056.5980692168268,1220.003855659105,65.68135766836579,65.01364920412128,-0.019234748328909368,0.16140031247742814
2025-05-29,1223.3529411764705,500.0,2000.0,68.0,1,29,5,3,149,1158.6842105263158,1016.55875,1032.8870967741937,1016.9038888888889,1126.7361367865212,1070.202772388418,1226.8854907353577,69.74849394533425,78.2509844654499,0.05581221359768063,0.20342571560814404
2025-05-30,1199.732142857143,700.0,1650.0,56.0,1,30,5,4,150,1223.3529411764705,1059.9103703703704,1051.52125,1026.9130303030304,1146.710675713203,1080.7892647353567,1232.6461278204947,67.4029831853109,85.24247788147865,-0.0193082450078651,0.13191848706783937
2025-05-31,1131.7358490566037,350.0,1800.0,53.0,1,31,5,5,151,1199.732142857143,1020.7918867924528,1018.5416666666666,2372.8214285714284,1162.5598131795102,1088.8745634774953,1191.2766085033338,40.55718344679406,84.24653504312971,-0.05667622911111403,0.10868421242331827
2025-06-01,1890.8048780487804,600.0,3500.0,82.0,1,1,6,6,152,1131.7358490566037,1128.5714285714287,1049.0625,2063.76,1271.4503059619892,1148.9990190524081,1185.5114377716268,275.69759975503536,229.24040949381578,0.6707121892665362,0.6753967273849952
2025-06-02,2043.245283018868,1085.0,3105.0,53.0,1,2,6,0,153,1890.8048780487804,1114.4338181818182,964.1081666666666,2025.6043055555556,1404.137658081568,1226.0802416489937,1186.0994703537372,388.12085195893997,324.0934925091194,0.08062196514290698,0.8334379751256933
2025-06-03,1998.5692307692307,1300.0,3000.0,65.0,1,3,6,1,154,2043.245283018868,1181.4083018867925,998.2321666666667,1267.8749019607844,1520.8749336362016,1297.5328890848912,1210.4559479806853,430.53729267849366,376.0956768622675,-0.021865241839016503,0.6916837536839502
2025-06-04,1266.6666666666667,850.0,2000.0,27.0,1,4,6,2,155,1998.5692307692307,1158.6842105263158,997.6613559322035,964.0524193548387,1536.3009987991088,1316.747554137353,1220.543089557746,417.1227119616565,366.34204239672647,-0.3662132653872898,0.09319403437050489
2025-06-05,1015.6470689655172,530.0,2000.0,58.0,1,5,6,3,156,1266.6666666666667,1223.3529411764705,1016.55875,1167.3030303030303,1506.6287313404014,1316.6824340634614,1215.4878908464957,449.24549055311894,366.39958442082883,-0.1981733666061707,-0.16978409518614257
2025-06-06,1224.9282352941177,600.0,1866.0,51.0,1,6,6,4,157,1015.6470689655172,1199.732142857143,1059.9103703703704,1339.7777777777778,1510.228173117112,1328.4694244151576,1211.6595727637073,446.46911544476905,360.10408723309115,0.20605697857402672,0.02100143151701417
2025-06-07,1308.04,800.0,1900.0,25.0,1,7,6,5,158,1224.9282352941177,1131.7358490566037,1020.7918867924528,1183.6666666666667,1535.4144803947402,1348.9871467871253,1215.8053505414848,426.0655649333672,349.24452691393634,0.0678503134397308,0.1557820679537194
2025-06-08,1219.6785714285713,800.0,1850.0,56.0,1,8,6,6,159,1308.04,1890.8048780487804,1128.5714285714287,1243.5185185185185,1439.53929373471,1355.4947998483497,1215.0106856384866,407.8875791355305,345.6518189960942,-0.06755254317255488,-0.35494212777406153
2025-06-09,1375.0,850.0,2400.0,29.0,1,9,6,0,160,1219.6785714285713,2043.245283018868,1114.4338181818182,1299.4615384615386,1344.075681874872,1374.10666997822,1217.5286343564353,309.3393373764996,338.61684401896133,0.12734619776873313,-0.32705093635725635
2025-06-10,1119.8163265306123,775.0,2000.0,49.0,1,10,6,1,161,1375.0,1998.5692307692307,1181.4083018867925,1299.4615384615386,1218.5395526979264,1369.707243167064,1211.5404606254046,119.55484704043069,341.69911640906554,-0.18558812615955467,-0.43969100029644437
2025-06-12,1192.2,850.0,2200.0,15.0,1,12,6,3,163,1119.8163265306123,1015.6470689655172,1223.3529411764705,1076.6451612903227,1222.7827799691306,1364.705755654766,1206.6083883556362,93.6238949454879,344.79776695990665,0.06463888028284526,0.17383295480221306
2025-06-13,1372.2856,900.0,1800.0,50.0,1,13,6,4,164,1192.2,1224.9282352941177,1199.732142857143,1076.6451612903227,1243.8338320699709,1377.0310025935414,1216.4630696459592,109.42049235658725,341.515389726253,0.1510531789968126,0.12029877380571619
2025-06-14,1334.4371186440678,200.0,1800.0,59.0,1,14,6,5,165,1372.2856,1308.04,1131.7358490566037,1032.8870967741937,1247.604849019123,1391.5096647069315,1226.5147370416214,112.41592743120016,334.5416591130258,-0.027580615402458597,0.020180666221268462
2025-06-15,1355.1724137931035,900.0,2000.0,29.0,1,15,6,6,166,1334.4371186440678,1219.6785714285713,1890.8048780487804,1051.52125,1266.9611122140566,1353.2502029743832,1236.6364425013917,118.31616822349393,302.10381020644076,0.0155386078964177,0.11108979491689563
2025-06-16,1369.05,650.0,2000.0,60.0,1,16,6,0,167,1355.1724137931035,1375.0,2043.245283018868,1018.5416666666666,1266.1111122140567,1305.0933970444642,1248.3200536125025,117.42868489278074,228.39853655962008,0.010240458015267073,-0.004327272727272735
2025-06-17,1343.1587301587301,650.0,2100.0,63.0,1,17,6,1,168,1369.05,1119.8163265306123,1998.5692307692307,1049.0625,1298.0171698752163,1258.2783612865715,1258.1232612844603,100.12090334385002,113.68436775569282,-0.018911851167795035,0.19944556829250004
2025-06-18,1366.3829090909092,700.0,1850.0,55.0,1,18,6,2,169,1343.1587301587301,1119.8163265306123,1266.6666666666667,964.1081666666666,1333.2409673838301,1265.4009500311602,1271.5324193652682,63.74231204835247,117.3160599337854,0.0172907180742774,0.22018484345928724
2025-06-19,1316.3039682539682,650.0,1900.0,63.0,1,19,6,3,170,1366.3829090909092,1192.2,1015.6470689655172,998.2321666666667,1350.9701057058253,1286.876442837478,1282.1348127515118,20.70646079163362,93.0992497772131,-0.03665073714238698,0.10409660145442712
2025-06-20,1349.4265454545452,700.0,1850.0,55.0,1,20,6,4,171,1316.3039682539682,1372.2856,1224.9282352941177,997.6613559322035,1347.7045264850462,1295.7691792775088,1293.8603190689232,18.46586643335376,92.67184381881434,0.025163319415129504,-0.016657650962346837
2025-06-21,1329.2501886792454,600.0,1900.0,53.0,1,21,6,5,172,1349.4265454545452,1334.4371186440678,1308.04,1016.55875,1346.9635364900716,1297.2841927545976,1304.283367024898,19.17734926343203,93.06043921343984,-0.014951800706205609,-0.0038869796803111534
2025-06-22,1362.344827586207,592.0,1905.0,29.0,1,22,6,6,173,1329.2501886792454,1355.1724137931035,1219.6785714285713,1059.9103703703704,1347.9881670319435,1307.474639623,1314.3645155987592,19.86820627538052,91.71008263745021,0.02489722340370304,0.005292620865140041
2025-06-23,1383.4107142857142,600.0,2000.0,56.0,1,23,6,0,174,1362.344827586207,1369.05,1375.0,1020.7918867924528,1350.0396976441884,1308.0754049291224,1326.4518098485346,22.913490657277674,92.21261828454195,0.015462962293350868,0.010489546974700836
2025-06-24,1360.6560937499999,600.0,1905.0,64.0,1,24,6,1,175,1383.4107142857142,1343.1587301587301,1119.8163265306123,1128.5714285714287,1352.53932101437,1325.2782454447931,1334.187965354487,22.991997370089415,75.30516927485698,-0.016448203198616285,0.01302702591911964
2025-06-25,1361.5264705882355,900.0,1800.0,51.0,1,25,6,2,176,1360.6560937499999,1366.3829090909092,1119.8163265306123,1114.4338181818182,1351.8455440854163,1342.5432557346232,1342.4243871013675,22.574123460418424,46.94308856438995,0.000639674376378796,-0.0035542295430969206
2025-06-26,1331.0837704918033,400.0,1905.0,61.0,1,26,6,3,177,1361.5264705882355,1316.3039682539682,1192.2,1181.4083018867925,1353.9569444051072,1352.4635250554663,1347.4135693882013,19.123231295282498,19.21128911124351,-0.022359242184457617,0.011228259273152519
2025-06-27,1359.6923076923076,750.0,2000.0,52.0,1,27,6,4,178,1331.0837704918033,1349.4265454545452,1372.2856,1158.6842105263158,1355.4234818676446,1351.5640041763454,1354.1138392937346,19.111526205926904,18.49317939765807,0.02149266472532685,0.0076074998467623445
2025-06-28,1332.6666666666667,600.0,1800.0,54.0,1,28,6,5,179,1359.6923076923076,1329.2501886792454,1334.4371186440678,1223.3529411764705,1355.911550151562,1351.437543320817,1357.7576301434076,18.36058500673014,18.624890622474457,-0.0198762917703853,0.00257022945455887
2025-06-29,1353.9032258064517,850.0,1855.0,31.0,1,29,6,6,180,1332.6666666666667,1362.344827586207,1355.1724137931035,1199.732142857143,1354.7056070401684,1351.346887036056,1362.8966662417179,18.14356041568097,18.608394366927847,0.015935387048362948,-0.006196376724028174
2025-06-30,1428.5555555555557,450.0,6500.0,54.0,1,30,6,0,181,1353.9032258064517,1383.4107142857142,1369.05,1131.7358490566037,1361.154870078717,1355.5972838614528,1372.7906564583498,32.43920843904078,27.59096353380581,0.0551386009916901,0.03263299958837651
2025-07-01,2327.649827586207,1250.0,3300.0,58.0,1,1,7,1,182,1428.5555555555557,1360.6560937499999,1343.1587301587301,1890.8048780487804,1499.296832055318,1425.918076534844,1387.352154776264,366.70688930063216,260.9741561454757,0.6293729834546054,0.7106819557696977
2025-07-02,2066.725490196078,1125.0,2800.0,51.0,1,2,7,2,183,2327.649827586207,1361.5264705882355,1366.3829090909092,2043.245283018868,1600.039549142153,1475.9425466137848,1388.1348283488373,416.0918568901312,311.009902270389,-0.11209776242877112,0.5179473442798124
2025-07-03,1940.0358064516129,1200.0,2650.0,62.0,1,3,7,3,184,2066.725490196078,1331.0837704918033,1316.3039682539682,1998.5692307692307,1687.0326971364113,1520.4948207707591,1386.183714204917,414.14172086196004,330.4498655450246,-0.06129971510267951,0.4574858844044176
2025-07-04,1250.0166666666667,812.0,3000.0,60.0,1,4,7,4,185,1940.0358064516129,1359.6923076923076,1349.4265454545452,1266.6666666666667,1671.3647484184626,1513.3941151430536,1385.628714204917,430.3473553921202,335.43894022443044,-0.35567340432082706,-0.0806621030399034
2025-07-05,1025.2421428571429,575.0,1700.0,56.0,1,5,7,5,186,1250.0166666666667,1332.6666666666667,1329.2501886792454,1015.6470689655172,1627.4469593028166,1491.6792547271891,1385.9485500013043,483.1234664809311,357.3979191707265,-0.17981722148466595,-0.2306837347245051
2025-07-06,1218.3926470588235,500.0,1725.0,34.0,1,6,7,6,187,1025.2421428571429,1353.9032258064517,1362.344827586207,1224.9282352941177,1608.0883051960122,1481.3969561180904,1385.7306970601278,498.38500127842855,363.4250066265635,0.18839501043471474,-0.10008882183356305
2025-07-07,1289.6872413793103,450.0,2066.0,58.0,1,7,7,0,188,1218.3926470588235,1428.5555555555557,1383.4107142857142,1308.04,1588.249974599406,1474.7024223390615,1385.1189384394384,509.3652865275761,366.2212904915932,0.058515286096473496,-0.0972089000222609
2025-07-08,1185.4603174603174,400.0,1800.0,63.0,1,8,7,1,189,1289.6872413793103,2327.649827586207,1360.6560937499999,1219.6785714285713,1425.0800445814218,1462.18843831837,1383.97832997383,405.35464998416717,373.34212706581195,-0.0808156586921982,-0.49070504359770906
2025-07-09,1269.1666666666667,700.0,2000.0,18.0,1,9,7,2,190,1185.4603174603174,2066.725490196078,1361.5264705882355,1375.0,1311.1430697915057,1455.5913094668292,1380.450552196052,290.8616559888711,376.0637970634779,0.07061084034063536,-0.38590457577108805
2025-07-10,1153.6545454545455,800.0,2000.0,55.0,1,10,7,3,191,1269.1666666666667,1940.0358064516129,1331.0837704918033,1119.8163265306123,1198.8028896490675,1442.9177933927397,1381.57849282685,89.96051550585483,383.4987476730609,-0.09101414671999042,-0.4053436840608543
2025-07-12,1025.0,700.0,1350.0,4.0,1,12,7,5,193,1153.6545454545455,1025.2421428571429,1332.6666666666667,1192.2,1185.0022804963155,1406.2246198995658,1377.1331001243145,88.24568172632164,404.99990822050677,-0.11151912499409,-0.00023618113908985272
2025-07-13,1300.0344827586207,850.0,1700.0,29.0,1,13,7,6,194,1025.0,1218.3926470588235,1353.9032258064517,1372.2856,1196.6653998820009,1402.3768525390064,1374.7247295496015,98.22516188292738,405.7903566467028,0.2683263246425567,0.06700782042380093
2025-07-14,1413.2459016393443,375.0,11000.0,61.0,1,14,7,0,195,1300.0344827586207,1289.6872413793103,1428.5555555555557,1334.4371186440678,1214.3166370620056,1401.2833058307058,1377.3516889827774,125.14137477907583,405.73500693016075,0.08708339692689804,0.09580513499372834
2025-07-15,1258.8002985074627,700.0,1900.0,67.0,1,15,7,1,196,1413.2459016393443,1185.4603174603174,2327.649827586207,1355.1724137931035,1224.793777211598,1324.9369108965097,1374.1392851399228,125.39264849810958,306.42043922917986,-0.10928430993695226,0.061866247201142865
2025-07-16,1290.4514035087718,800.0,1800.0,57.0,1,16,7,2,197,1258.8002985074627,1269.1666666666667,2066.725490196078,1369.05,1227.8344539033274,1269.4887618474165,1371.5193319235484,126.89703723452664,219.87956582659203,0.025143865185635272,0.01677063966548009
2025-07-17,1284.439393939394,450.0,1800.0,66.0,1,17,7,3,198,1290.4514035087718,1153.6545454545455,1940.0358064516129,1343.1587301587301,1246.518003686877,1222.6604466679723,1369.5620207162372,123.74374296964258,106.84316760203382,-0.0046588422880792235,0.11336569426276433
2025-07-18,1267.4819298245613,750.0,1900.0,57.0,1,18,7,4,199,1284.439393939394,1153.6545454545455,1250.0166666666667,1366.3829090909092,1262.7790585968794,1223.9079654649647,1366.2653214073591,116.79040665622448,107.28819074656505,-0.013202229855955983,0.09866678445337129
2025-07-19,1234.58,450.0,1800.0,50.0,1,19,7,5,200,1267.4819298245613,1025.0,1025.2421428571429,1316.3039682539682,1292.7190585968794,1238.8606695465974,1363.5411891322267,57.476771424188414,90.7894616789776,-0.02595850011772205,0.20446829268292666
2025-07-20,1266.304347826087,775.0,1875.0,23.0,1,20,7,6,201,1234.58,1300.0344827586207,1218.3926470588235,1349.4265454545452,1287.9004678922315,1242.2829338871163,1360.7704492112782,58.17096257279959,90.86155639779238,0.025696469913725428,-0.02594556942901982
2025-07-21,1221.1818181818182,450.0,1900.0,55.0,1,21,7,0,202,1266.304347826087,1413.2459016393443,1289.6872413793103,1329.2501886792454,1260.4627416840137,1237.3896893730096,1357.1681701946975,25.07742690636589,89.95236625455892,-0.03563324229418652,-0.1359028058986299
2025-07-22,1247.27868852459,805.0,1900.0,61.0,1,22,7,1,203,1221.1818181818182,1258.8002985074627,1185.4603174603174,1362.344827586207,1258.816797400746,1241.805287306172,1353.3326322259768,25.577840845070707,88.71593998556736,0.021370175967430294,-0.009152849738384705
2025-07-23,1256.9454545454546,700.0,2000.0,55.0,1,23,7,2,204,1247.27868852459,1290.4514035087718,1269.1666666666667,1383.4107142857142,1254.0302332631293,1240.9323435832282,1349.1171235679683,21.47762750919342,88.48582904837312,0.007750285569538162,-0.025964518208290266
2025-07-24,1210.967213114754,400.0,1900.0,61.0,1,24,7,3,205,1256.9454545454546,1284.439393939394,1153.6545454545455,1360.6560937499999,1243.5342074310377,1245.0261055589576,1344.1274942134598,22.084201155013922,85.40965349380747,-0.036579345002148544,-0.057201749783849065
2025-07-25,1230.0344827586207,800.0,1750.0,29.0,1,25,7,4,206,1210.967213114754,1267.4819298245613,1153.6545454545455,1361.5264705882355,1238.1845721359036,1250.4818153663914,1339.7444279524725,19.726000683479317,81.47288166781517,0.015745487935072466,-0.0295447581419358
2025-07-26,1184.8125,937.0,1600.0,16.0,1,26,7,5,207,1230.0344827586207,1234.58,1025.0,1331.0837704918033,1231.0749292787607,1261.89699393782,1334.8687189360792,28.332686102485603,54.02130456422649,-0.03676480894844547,-0.04031127994945649
2025-07-27,1277.7931034482758,800.0,1650.0,29.0,1,27,7,6,208,1184.8125,1266.304347826087,1300.0344827586207,1359.6923076923076,1232.7161800819304,1260.308323987081,1332.1387454612782,30.92751350025312,53.13321541306874,0.0784770615167174,0.009072665384046052
2025-07-28,1187.979649122807,450.0,1800.0,57.0,1,28,7,0,209,1277.7931034482758,1221.1818181818182,1413.2459016393443,1332.6666666666667,1227.9730130735004,1244.2178773787568,1327.315844876483,35.23705155272113,33.87499813501677,-0.07028794730782051,-0.027188555024873384
2025-07-29,1183.8648648648648,700.0,1600.0,37.0,1,29,7,1,210,1187.979649122807,1247.27868852459,1258.8002985074627,1353.9032258064517,1218.9138954078255,1238.8653464042857,1321.6478995117636,37.52387052793387,37.15502488667829,-0.003463682446900873,-0.05084174390467433
2025-07-30,1228.7540983606557,777.0,1800.0,61.0,1,30,7,2,211,1183.8648648648648,1256.9454545454546,1290.4514035087718,1428.5555555555557,1214.8865588099968,1234.458396036563,1314.9878509385999,34.12022660043747,34.09902486095972,0.03791753166094258,-0.02242846424469047
2025-07-31,1200.90625,400.0,1800.0,64.0,1,31,7,3,212,1228.7540983606557,1210.967213114754,1284.439393939394,2327.649827586207,1213.449278365032,1228.491742898035,1277.4297316857264,34.522375637145046,31.919247281138034,-0.022663483603276635,-0.008308204388850493
2025-08-01,2253.345185185185,1000.0,3600.0,54.0,1,1,8,4,213,1200.90625,1230.0344827586207,1267.4819298245613,2066.725490196078,1359.636521568827,1298.910546852365,1283.6503881853635,395.5300713400626,276.32560652762294,0.8763706036047236,0.8319365975265725
2025-08-02,2100.5641025641025,1380.0,2800.0,39.0,1,2,8,5,214,2253.345185185185,1184.8125,1234.58,1940.0358064516129,1490.4581790779844,1360.7665541783729,1289.001331389113,472.1006819266351,348.355434736033,-0.06780189898358902,0.7729084581434638
2025-08-03,1771.6666666666667,1200.0,2500.0,48.0,1,3,8,6,215,2100.5641025641025,1277.7931034482758,1266.304347826087,1250.0166666666667,1561.0115452520404,1396.8638626669854,1306.3896647224462,471.92542843184043,363.6612107150891,-0.15657576719318367,0.3865051093839955
2025-08-04,1194.8884057971015,750.0,2000.0,69.0,1,4,8,0,216,1771.6666666666667,1187.979649122807,1221.1818181818182,1025.2421428571429,1561.998510491225,1394.9857617823625,1312.044540153778,471.02161999483326,364.70469751527304,-0.3255568734917583,0.005815551368574257
2025-08-05,995.7012903225807,240.0,2000.0,62.0,1,5,8,1,217,1194.8884057971015,1183.8648648648648,1247.27868852459,1218.3926470588235,1535.1179998423272,1377.0159476250763,1304.6214949292369,500.6358879235779,378.4801207697872,-0.16669934573651213,-0.15894007848924763
2025-08-06,1227.1666666666667,500.0,1750.0,30.0,1,6,8,2,218,995.7012903225807,1228.7540983606557,1256.9454545454546,1289.6872413793103,1534.8912238860435,1374.88889134802,1302.5374757721486,500.79812585252864,379.2896362504065,0.23246467448997432,-0.0012919034785778827
2025-08-07,1342.988,800.0,2000.0,60.0,1,7,8,3,219,1227.1666666666667,1200.90625,1210.967213114754,1185.4603174603174,1555.1886167431862,1384.3189475541092,1307.7883985234716,487.7139825422011,376.5317999650373,0.09438109466250166,0.11831210804340486
2025-08-08,1180.2068965517242,750.0,1900.0,29.0,1,8,8,4,220,1342.988,2253.345185185185,1230.0344827586207,1269.1666666666667,1401.883146938406,1380.7598342536166,1304.8230728529736,390.69602410689924,378.33351630398715,-0.12120815930468165,-0.4762422977575306
2025-08-09,1188.764705882353,700.0,2200.0,51.0,1,9,8,5,221,1180.2068965517242,2100.5641025641025,1184.8125,1153.6545454545455,1271.6260902695847,1381.0421346737846,1305.9934115339004,243.02139343330236,378.17750208416373,0.007251109407708567,-0.4340735879322799
2025-08-10,1146.5849056603774,700.0,2200.0,53.0,1,10,8,6,222,1188.764705882353,1771.6666666666667,1277.7931034482758,1153.6545454545455,1182.3286958401147,1371.6701205460777,1305.7577568740946,103.38676030588802,382.5337636961786,-0.03548204284099077,-0.3528213138323364
2025-08-12,1558.9166666666667,900.0,2400.0,12.0,1,12,8,1,224,1146.5849056603774,995.7012903225807,1183.8648648648648,1300.0344827586207,1255.8875352983093,1395.5027675703184,1318.4399931930423,149.64691594187806,383.4134877368359,0.3596172939053355,0.5656469282686369
2025-08-13,1373.2,450.0,2000.0,65.0,1,13,8,2,225,1558.9166666666667,1227.1666666666667,1228.7540983606557,1413.2459016393443,1276.749440060214,1405.820331973129,1317.1051298050638,155.05697302005885,380.51369108958266,-0.11913187576842899,0.11900040744261853
2025-08-14,1377.2973684210526,600.0,2000.0,57.0,1,14,8,3,226,1373.2,1342.988,1200.90625,1258.8002985074627,1281.6507784060789,1418.4196975746324,1321.055032135517,158.01380031743795,376.10146550908877,0.0029838103852699582,0.025547040197717807
2025-08-15,1494.5833333333333,900.0,1900.0,12.0,1,15,8,4,227,1377.2973684210526,1180.2068965517242,2253.345185185185,1290.4514035087718,1326.5616979463086,1364.2224224423574,1327.8594297963357,168.691356955576,291.73981629588985,0.0851566027797892,0.26637400416837087
2025-08-16,1379.9,700.0,2000.0,50.0,1,16,8,5,228,1494.5833333333333,1188.764705882353,2100.5641025641025,1284.439393939394,1353.8667399631154,1312.7464151163501,1331.041449998356,157.78606279622318,201.41945733126138,-0.0767326456649009,0.1607847988519968
2025-08-17,1412.857142857143,800.0,1900.0,28.0,1,17,8,6,229,1379.9,1146.5849056603774,1771.6666666666667,1267.4819298245613,1391.9056309912248,1287.1171634156697,1335.8872904327752,128.9470549382941,156.309779264552,0.023883718281862976,0.23223071914016313
2025-08-18,1407.5208333333333,600.0,2000.0,48.0,1,18,8,0,230,1412.857142857143,1146.5849056603774,1194.8884057971015,1234.58,1429.182192087361,1302.3051939539723,1341.6519848772198,70.8270664845153,156.9877860054115,-0.0037769632625548333,0.22757662898297903
2025-08-19,1762.4406779661017,875.0,25000.0,59.0,1,19,8,1,231,1407.5208333333333,1558.9166666666667,995.7012903225807,1266.304347826087,1458.2570508444235,1357.0722930713666,1358.1898625485535,140.4822602765399,174.55741006200955,0.25215956753708335,0.13055477284402728
2025-08-20,1374.2631578947369,850.0,2000.0,57.0,1,20,8,2,232,1762.4406779661017,1373.2,1227.1666666666667,1221.1818181818182,1458.4089305436714,1367.579185301943,1363.2925738723175,140.37551032666173,170.51692660829067,-0.22024997772936727,0.0007742192650281865
2025-08-21,1354.392857142857,550.0,2000.0,56.0,1,21,8,3,233,1374.2631578947369,1377.2973684210526,1342.988,1247.27868852459,1455.1368575039294,1368.393817955004,1366.863046159593,142.82682764962522,170.4176208535319,-0.01445887611679808,-0.01663004068936358
2025-08-22,1356.1538461538462,900.0,1700.0,26.0,1,22,8,4,234,1354.392857142857,1494.5833333333333,1180.2068965517242,1256.9454545454546,1435.3612164782883,1380.9614572122985,1370.1699925465393,146.0029088828254,161.73872881841152,0.0013002054770903104,-0.09262078874568414
2025-08-23,1314.4473684210527,500.0,2200.0,38.0,1,23,8,5,235,1356.1538461538462,1379.9,1188.764705882353,1210.967213114754,1426.0108405384385,1389.938790250777,1373.6193310567494,152.11470552443882,153.52991461564028,-0.030753500313460913,-0.047432880338392214
2025-08-24,1307.421052631579,850.0,1866.0,19.0,1,24,8,6,236,1314.4473684210527,1412.857142857143,1146.5849056603774,1230.0344827586207,1410.9485419347868,1401.4270864630057,1376.1988833858481,158.71132598696494,139.27531711382352,-0.005345452361408709,-0.0746261508168804
2025-08-25,1288.8360655737704,450.0,2400.0,61.0,1,25,8,0,237,1307.421052631579,1407.5208333333333,1146.5849056603774,1184.8125,1393.993575111992,1411.5878835996768,1379.6663355716405,165.3396107895666,123.5549697451218,-0.01421499754834199,-0.08432185510070922
2025-08-26,1279.795918367347,800.0,2800.0,49.0,1,26,8,1,238,1288.8360655737704,1762.4406779661017,1558.9166666666667,1277.7931034482758,1325.0443237407414,1391.6506872925822,1379.7330960689428,36.589988904205775,120.4332766948338,-0.007014194782327787,-0.27385021557476663
2025-08-27,1234.0740740740741,850.0,2100.0,27.0,1,27,8,2,239,1279.795918367347,1374.2631578947369,1373.2,1187.979649122807,1305.017311766361,1381.713121155016,1381.2695769006518,42.9699273846298,127.59962980486907,-0.035725886945788043,-0.10201036316466594
2025-08-28,1244.2622950819673,450.0,2400.0,61.0,1,28,8,3,240,1234.0740740740741,1354.392857142857,1377.2973684210526,1183.8648648648648,1289.284374329091,1372.21061591651,1383.282824574555,42.02982727560028,132.80138903266322,0.008255761320921762,-0.08131360223887651
2025-08-29,1209.4772727272727,482.0,2500.0,44.0,1,29,8,4,241,1244.2622950819673,1356.1538461538462,1494.5833333333333,1228.7540983606557,1268.3305781252948,1351.8458973017916,1382.640263720109,39.63006952094512,134.44234406072138,-0.027956342076895457,-0.10815629350796685
2025-08-30,1289.6129032258063,750.0,2000.0,31.0,1,30,8,5,242,1209.4772727272727,1314.4473684210527,1379.9,1200.90625,1264.7827973831168,1345.3968189607774,1385.597152160969,35.733565543124165,135.15669388022263,0.06625641697080775,-0.01889346488256749
2025-08-31,1241.4285714285713,800.0,1800.0,21.0,1,31,8,6,243,1289.6129032258063,1307.421052631579,1412.857142857143,2253.345185185185,1255.3553000684012,1333.151921001594,1351.8665983690819,31.00156275232579,136.33518946910658,-0.037363407016716366,-0.05047530867747452
2025-09-01,2062.630769230769,1000.0,3300.0,65.0,1,1,9,0,244,1241.4285714285713,1288.8360655737704,1407.5208333333333,2100.5641025641025,1365.8974005908296,1379.945487851411,1350.6021539246378,308.4375709106688,238.19649529997182,0.6614977427635655,0.6003825655767299
2025-09-02,2035.7142857142858,1200.0,2800.0,14.0,1,2,9,1,245,2062.630769230769,1279.795918367347,1762.4406779661017,1771.6666666666667,1473.8857387832497,1399.4650312619956,1359.403741226225,393.7878525619542,279.5579456366648,-0.013049588863896178,0.5906553978631797
2025-09-03,1739.2857142857142,1050.0,2650.0,28.0,1,3,9,2,246,2035.7142857142858,1234.0740740740741,1374.2631578947369,1194.8884057971015,1546.0588302420551,1425.5380710042082,1377.5503181758456,388.775441504735,293.69137374535006,-0.1456140350877193,0.4093851826444863
2025-09-04,1208.3494545454546,831.0,2000.0,55.0,1,4,9,3,247,1739.2857142857142,1244.2622950819673,1354.392857142857,995.7012903225807,1540.928424451125,1415.106399390108,1384.6385903166079,393.62848174746915,298.9592043185556,-0.3052610938958372,-0.028862757216433166
2025-09-05,1010.9950943396227,240.0,1750.0,53.0,1,5,9,4,248,1208.3494545454546,1209.4772727272727,1356.1538461538462,1227.1666666666667,1512.5738275386034,1390.4522028319493,1377.43287123904,427.2005532296672,317.83120915084265,-0.163325567337696,-0.1641057528432005
2025-09-06,1280.4289999999999,700.0,1766.0,60.0,1,6,9,5,249,1010.9950943396227,1289.6129032258063,1314.4473684210527,1342.988,1511.2618413634882,1388.0223193733025,1375.3475712390396,428.0127478839167,318.5861213441693,0.2665036726378678,-0.007121441792986127
2025-09-07,1301.3476923076923,800.0,1800.0,52.0,1,7,9,6,250,1280.4289999999999,1241.4285714285713,1307.421052631579,1180.2068965517242,1519.8217157747913,1387.5885079215961,1379.3855977642384,422.27765951786904,318.708428282017,0.016337252832989924,0.04826626538018952
2025-09-08,1165.4545454545455,850.0,1450.0,11.0,1,8,9,0,251,1301.3476923076923,2062.630769230769,1288.8360655737704,1188.764705882353,1391.6536838067593,1378.7755421987945,1378.608592416645,361.9059828013408,323.32169080177374,-0.10442493397914754,-0.43496695441560473
2025-09-09,1248.909090909091,800.0,2500.0,44.0,1,9,9,1,252,1165.4545454545455,2035.7142857142858,1279.795918367347,1146.5849056603774,1279.2529416917314,1376.5693402374907,1382.019398591602,224.7146762750472,324.15334587143263,0.07160686427457108,-0.3865007974481659
2025-09-10,1131.906976744186,750.0,2000.0,43.0,1,10,9,2,253,1248.909090909091,1739.2857142857142,1234.0740740740741,1146.5849056603774,1192.4845506143704,1369.2716904282129,1381.5301342943958,100.29915261783263,328.7258950329969,-0.09368345143499446,-0.3492115944797287
2025-09-12,1457.2222222222222,1160.0,2200.0,9.0,1,12,9,4,255,1131.906976744186,1010.9950943396227,1209.4772727272727,1373.2,1245.3109291974176,1378.9423783680104,1370.0972187043872,116.46937758085866,331.2442359982586,0.28740457666739716,0.44137417716559035
2025-09-13,1125.0,900.0,1500.0,10.0,1,13,9,5,256,1457.2222222222222,1280.4289999999999,1289.6129032258063,1377.2973684210526,1223.1067863402748,1367.1843138518816,1361.6873064236854,123.27541560245162,337.52118084335603,-0.2279832253145253,-0.12138822222864354
2025-09-14,1650.0,600.0,9500.0,15.0,1,14,9,6,257,1125.0,1301.3476923076923,1241.4285714285713,1494.5833333333333,1272.9142588677473,1396.3679873212693,1366.8678619792408,204.09624152053266,343.42323161317313,0.46666666666666656,0.2679163376192255
2025-09-15,1029.15,350.0,1840.0,40.0,1,15,9,0,258,1650.0,1165.4545454545455,2062.630769230769,1379.9,1253.4421809456692,1322.5479323762142,1355.1761953125742,221.79229997947604,297.14863628992197,-0.3762727272727272,-0.11695397815912634
2025-09-16,1174.2608695652175,750.0,2000.0,46.0,1,16,9,1,259,1029.15,1248.909090909091,2035.7142857142858,1412.857142857143,1242.7781493251161,1261.0155455084237,1347.2229862028435,223.8317918121158,216.30473113162367,0.1410006991840036,-0.059770740630558206
2025-09-17,1112.6875,700.0,2000.0,48.0,1,17,9,2,260,1174.2608695652175,1131.906976744186,1739.2857142857142,1407.5208333333333,1240.032509790232,1216.2585302023015,1337.3952084250657,225.52990065329305,169.49126732746896,-0.05243585234004744,-0.016979731673241294
2025-09-18,1095.8775510204082,300.0,1850.0,49.0,1,18,9,3,261,1112.6875,1131.906976744186,1208.3494545454546,1762.4406779661017,1234.8854489725497,1208.224822807655,1315.1764375268758,228.7963039212379,172.53321339372422,-0.015107520287225173,-0.03183073031974126
2025-09-19,1070.7659574468084,750.0,1760.0,47.0,1,19,9,4,262,1095.8775510204082,1457.2222222222222,1010.9950943396227,1374.2631578947369,1179.6774111474904,1212.4941701724542,1305.0598641786116,212.23122877506913,167.95613385857538,-0.022914598031703037,-0.2652006391901429
2025-09-20,1075.425,450.0,2000.0,40.0,1,20,9,5,263,1070.7659574468084,1125.0,1280.4289999999999,1354.392857142857,1172.5952682903478,1197.8510273153113,1295.760935607183,215.16676304376293,170.49505545709627,0.004351130628303501,-0.0440666666666667
2025-09-21,1111.388888888889,805.0,1700.0,18.0,1,21,9,6,264,1075.425,1650.0,1301.3476923076923,1356.1538461538462,1095.6508238459032,1184.2825413568255,1287.6021036983511,45.03373886506867,169.17856281705718,0.03344155928018133,-0.3264309764309764
2025-09-22,1052.3783783783783,650.0,1900.0,37.0,1,22,9,0,265,1111.388888888889,1029.15,1165.4545454545455,1314.4473684210527,1098.9691636142431,1176.205672279956,1278.8664706969287,39.877502282683054,172.80690266286882,-0.053096185413106234,0.022570449767651102
2025-09-23,1108.8478260869565,500.0,1900.0,46.0,1,23,9,1,266,1052.3783783783783,1174.2608695652175,1248.909090909091,1307.421052631579,1089.6244431173486,1166.2012962212323,1272.2473631454413,23.659992634960293,172.32772885094005,0.05365888245974104,-0.05570571682464465
2025-09-24,1131.595238095238,750.0,2000.0,42.0,1,24,9,2,267,1108.8478260869565,1112.6875,1131.906976744186,1288.8360655737704,1092.3255485595255,1166.179029174879,1267.0060022294902,27.499523489670572,172.33252107729396,0.02051445786619399,0.016992855671730034
2025-09-25,1208.9642857142858,700.0,1725.0,28.0,1,25,9,3,268,1131.595238095238,1095.8775510204082,1131.906976744186,1279.795918367347,1108.4807963729365,1171.6831226727431,1264.6449478077216,52.12545253702883,172.38426343429398,0.06837166242346471,0.10319285634474284
2025-09-26,1073.2903225806451,800.0,1500.0,31.0,1,26,9,4,269,1208.9642857142858,1070.7659574468084,1457.2222222222222,1234.0740740740741,1108.8414199634847,1144.2594155554875,1259.285489424607,51.828928276951046,152.90320603543424,-0.11222330116516321,0.002357532116407546
2025-09-27,1083.7619047619048,450.0,1825.0,42.0,1,27,9,5,270,1073.2903225806451,1075.425,1125.0,1244.2622950819673,1110.0324063580424,1141.313837324195,1253.9354764139384,51.022581042531556,153.69791277696334,0.00975652343168587,0.007752195422186414
2025-09-28,1264.4,724.0,1790.0,10.0,1,28,9,6,271,1083.7619047619048,1111.388888888889,1650.0,1209.4772727272727,1131.8911365167728,1113.770980181338,1255.766233989696,77.57008442943464,63.77104161105747,0.16667691902104664,0.1376755811047239
2025-09-29,1314.0,350.0,11000.0,54.0,1,29,9,0,272,1264.4,1052.3783783783783,1029.15,1289.6129032258063,1169.2656538912902,1134.1174087527666,1256.5791372155027,94.13296057516212,78.44790757526717,0.03922809237583036,0.2486003390004623
2025-09-30,1367.3863636363637,700.0,12000.0,44.0,1,30,9,1,273,1314.0,1108.8478260869565,1174.2608695652175,1241.4285714285713,1206.1997306840626,1147.9120869007056,1260.7777302890956,114.90481938937414,100.05451147780197,0.04062889165628891,0.23315961980262978
2025-10-01,1704.8776315789473,600.0,3300.0,76.0,1,1,10,2,274,1367.3863636363637,1131.595238095238,1112.6875,2062.630769230769,1288.0972154674496,1190.2113820134875,1248.8526257007013,214.2359048428499,178.46835310274298,0.2468148556382228,0.5066143566039469
2025-10-02,2100.0,1800.0,2400.0,2.0,1,2,10,3,275,1704.8776315789473,1208.9642857142858,1095.8775510204082,2035.7142857142858,1415.3880317939802,1261.9344140834583,1250.9954828435586,368.5298687704703,298.82592577610535,0.23175995807694183,0.7370240170157454
2025-10-03,1516.5901639344263,800.0,2500.0,61.0,1,3,10,4,276,2100.0,1073.2903225806451,1070.7659574468084,1739.2857142857142,1478.716580558806,1293.7790002611453,1243.5722978318488,336.6558773030285,300.6361493263434,-0.2778142076502732,0.41302882549793263
2025-10-04,1168.3773333333334,776.0,2000.0,30.0,1,4,10,5,277,1516.5901639344263,1083.7619047619048,1075.425,1208.3494545454546,1490.8044989261527,1300.4184526420977,1242.239893791445,321.27908594073347,296.4400551298944,-0.2296024587801222,0.07807566237532404
2025-10-05,988.7252173913043,300.0,1500.0,46.0,1,5,10,6,278,1168.3773333333334,1264.4,1111.388888888889,1010.9950943396227,1451.4223871249105,1291.6567618208414,1241.4975645598342,367.2622721073108,304.1688470208749,-0.1537620688253929,-0.21802814189235664
2025-10-06,1349.2965625,687.0,1979.67,64.0,1,6,10,0,279,988.7252173913043,1314.0,1052.3783783783783,1280.4289999999999,1456.4647531963394,1312.8652035438147,1243.793149976501,365.2981094174017,296.45520706004305,0.36468306741487067,0.026861919710806648
2025-10-07,1276.51828125,400.0,1900.0,64.0,1,7,10,1,280,1349.2965625,1367.3863636363637,1108.8478260869565,1301.3476923076923,1443.4835985697157,1324.8416646268893,1242.9655029412447,370.56768457661036,290.9141926204338,-0.05393794312731004,-0.0664538456743955
2025-10-08,1245.7777777777778,800.0,1600.0,27.0,1,8,10,2,281,1276.51828125,1704.8776315789473,1131.595238095238,1165.4545454545455,1377.8979051695485,1332.9975603184994,1245.6429440186855,356.97171268545844,286.6490125352938,-0.024081522312489168,-0.2692861031767898
2025-10-09,1175.0409302325581,800.0,2200.0,43.0,1,9,10,3,282,1245.7777777777778,2100.0,1208.9642857142858,1248.909090909091,1245.7608952027715,1330.574463498376,1243.1806719961346,164.35277760905672,287.91870877855496,-0.05678127255681209,-0.44045669988925806
2025-10-10,1202.5,1000.0,1790.0,6.0,1,10,10,4,283,1175.0409302325581,1516.5901639344263,1073.2903225806451,1131.906976744186,1200.8908717835677,1339.8037261711868,1245.5337727713284,112.91648262278783,281.0254308532187,0.023368607050996415,-0.20710286233137332
2025-10-12,1596.8181818181818,1000.0,2700.0,11.0,1,12,10,6,285,1202.5,988.7252173913043,1264.4,1457.2222222222222,1292.635961939788,1372.0291745323495,1252.540072199721,146.21347997113415,280.9059109262419,0.32791532791532796,0.615027263116942
2025-10-13,1080.9756097560976,500.0,2250.0,41.0,1,13,10,0,286,1596.8181818181818,1349.2965625,1314.0,1125.0,1254.3043972620878,1355.3845752292139,1251.0725925249242,163.08219268608568,291.31953051609236,-0.3230440246332438,-0.19885988017841882
2025-10-14,1044.2978723404256,500.0,2000.0,47.0,1,14,10,1,287,1080.9756097560976,1276.51828125,1367.3863636363637,1650.0,1221.1300531321488,1332.3068258509322,1230.8825216029384,180.4994614657209,302.8641017584807,-0.03393021737460633,-0.18191702564743384
2025-10-15,1051.404255319149,500.0,2000.0,47.0,1,15,10,2,288,1044.2978723404256,1245.7777777777778,1704.8776315789473,1029.15,1193.36240706663,1285.6301561180896,1231.6243301135764,190.73645625723302,291.15709764651973,0.006804938674055627,-0.15602583857720842
2025-10-16,1072.9791666666667,550.0,2000.0,48.0,1,16,10,3,289,1051.404255319149,1175.0409302325581,2100.0,1174.2608695652175,1178.7821551286456,1212.2715251657087,1228.2482733502916,196.19324500059972,177.31399355311487,0.020520091333441348,-0.08685804974103484
2025-10-17,1108.2,650.0,2290.0,25.0,1,17,10,4,290,1072.9791666666667,1202.5,1516.5901639344263,1112.6875,1165.3107265572173,1183.1007991703923,1228.0986900169582,197.52623667341368,155.6700877605145,0.032825272314234155,-0.07841995841995841
2025-10-18,1068.5555555555557,600.0,2000.0,27.0,1,18,10,5,291,1108.2,1202.5,1168.3773333333334,1095.8775510204082,1146.1758059222966,1175.9706721862656,1227.1879568347965,199.79789362778322,158.65380340199664,-0.035773727165172686,-0.11138831138831129
2025-10-19,1128.3333333333333,650.0,1770.0,6.0,1,19,10,6,292,1068.5555555555557,1596.8181818181818,988.7252173913043,1070.7659574468084,1079.2493989958896,1185.942680467839,1229.1068693643472,30.002736139223007,150.1383115572029,0.05594260164292386,-0.2933864693044881
2025-10-20,1358.3333333333333,1000.0,1875.0,3.0,1,20,10,0,293,1128.3333333333333,1080.9756097560976,1349.2965625,1075.425,1118.8719309354947,1186.5881640987914,1238.5371471421251,109.76963180192618,150.9120673915226,0.20384047267355987,0.2565809265944643
2025-10-21,1000.0,850.0,1200.0,3.0,1,21,10,1,294,1358.3333333333333,1044.2978723404256,1276.51828125,1111.388888888889,1112.5436634582911,1166.83685829522,1234.824184179162,115.891579619152,156.237983408612,-0.263803680981595,-0.04241880933947273
2025-10-22,1150.0,1150.0,1150.0,2.0,1,22,10,2,295,1000.0,1051.404255319149,1245.7777777777778,1052.3783783783783,1126.62876984127,1159.9955884539502,1238.078238233216,113.18227756331537,154.60385266883108,0.1499999999999999,0.09377529545086616
2025-10-23,1233.3333333333333,900.0,1500.0,3.0,1,23,10,3,296,1150.0,1072.9791666666667,1175.0409302325581,1108.8478260869565,1149.5365079365079,1164.1593315325767,1242.2277551414286,116.68733180546775,155.82038829404834,0.0724637681159419,0.14944760499388376
2025-10-24,1445.0,800.0,1800.0,6.0,1,24,10,4,297,1233.3333333333333,1108.2,1202.5,1131.595238095238,1197.6507936507935,1181.4807601040054,1252.6745805382538,158.682427744155,172.94751139791876,0.17162162162162176,0.3039162606027792
2025-10-26,1343.75,900.0,1700.0,8.0,1,26,10,6,299,1445.0,1128.3333333333333,1596.8181818181818,1073.2903225806451,1282.202380952381,1180.7258899741353,1269.5577602617564,164.3644314807147,154.83481971953515,-0.07006920415224915,0.19091580502215666
2025-10-27,1292.3333333333333,800.0,1800.0,24.0,1,27,10,0,300,1343.75,1358.3333333333333,1080.9756097560976,1083.7619047619048,1272.7738095238094,1195.8228702296522,1276.5101412141373,161.1306026113081,154.66462919154483,-0.03826356589147295,-0.04858895705521471
2025-10-28,1349.2105263157894,900.0,1780.0,19.0,1,28,10,1,301,1292.3333333333333,1000.0,1044.2978723404256,1264.4,1322.6610275689222,1217.6023455136067,1279.3371587579968,107.8535314127003,153.14699530986098,0.044011240378480254,0.3492105263157894
2025-10-29,1370.9130434782608,850.0,1800.0,23.0,1,29,10,2,302,1349.2105263157894,1150.0,1051.404255319149,1314.0,1354.2200337801023,1240.424401810686,1281.2342602072722,76.74517999635796,150.25428334277095,0.01608534527353056,0.19209829867674855
2025-10-30,1316.857142857143,550.0,1825.0,28.0,1,30,10,3,303,1370.9130434782608,1233.3333333333333,1072.9791666666667,1367.3863636363637,1366.1520065692182,1257.8442572528631,1279.5499528479652,59.33622188676604,143.3254187713335,-0.03943058305431835,0.06772200772200776
2025-10-31,1339.375,900.0,1800.0,16.0,1,31,10,4,304,1316.857142857143,1445.0,1108.2,1704.8776315789473,1351.0627208549322,1274.356757252863,1267.3665317953335,48.35790107098808,137.97571267725505,0.017099696246474227,-0.07309688581314877
2025-11-01,1699.1917808219177,400.0,3000.0,73.0,1,1,11,5,305,1339.375,1445.0,1068.5555555555557,2100.0,1387.3758324009207,1319.4022019147462,1254.0062578227305,139.7438460572345,165.7635568648218,0.26864528666125453,0.17591126700478732
2025-11-02,1516.8607142857145,900.0,2300.0,14.0,1,2,11,6,306,1699.1917808219177,1343.75,1128.3333333333333,1516.5901639344263,1412.105934441737,1347.154157697059,1254.0152761677737,145.91785978225914,163.82645486296366,-0.10730458362269601,0.12882657807308995
2025-11-03,1437.065934065934,650.0,3000.0,91.0,1,3,11,0,307,1516.8607142857145,1292.3333333333333,1358.3333333333333,1168.3773333333334,1432.7820202606797,1352.7779148922448,1262.9715628588601,136.03746588840377,165.5816729919572,-0.05260521250783112,0.11199324276445766
2025-11-04,1109.9625,700.0,2000.0,56.0,1,4,11,1,308,1437.065934065934,1349.2105263157894,1000.0,988.7252173913043,1398.6037307869958,1360.6323791779591,1267.0128056124836,182.61449034955078,149.37514661599647,-0.22761894657153992,-0.17732445874780556
2025-11-05,1047.2916666666667,625.0,1450.0,24.0,1,5,11,2,309,1109.9625,1370.9130434782608,1150.0,1349.2965625,1352.3721055281965,1353.2960696541493,1256.9459757513723,226.48773422569045,162.46444590457912,-0.05646211771418708,-0.2360626579133761
2025-11-06,1366.8357627118644,825.0,2401.0,59.0,1,6,11,3,310,1047.2916666666667,1316.857142857143,1233.3333333333333,1276.51828125,1359.5119083645855,1362.8319574669017,1259.956558466768,225.96873302956647,158.75725334690657,0.3051147127545153,0.03795295497754947
2025-11-07,1315.7241379310344,875.0,1850.0,58.0,1,7,11,4,311,1366.8357627118644,1339.375,1445.0,1245.7777777777778,1356.1332137833047,1353.5979673191184,1262.2881038052099,226.49620105845315,157.36387983179733,-0.03739412310914525,-0.01765813313595188
2025-11-08,1231.0471186440677,700.0,1750.0,59.0,1,8,11,5,312,1315.7241379310344,1699.1917808219177,1445.0,1175.0409302325581,1289.2554049007545,1338.3156186508375,1264.15497675226,170.51492412471586,158.19140188285706,-0.06435773035229153,-0.27551019694280965
2025-11-09,1107.9056603773586,350.0,2200.0,53.0,1,9,11,6,313,1231.0471186440677,1516.8607142857145,1343.75,1202.5,1230.833254342418,1321.4695943920776,1261.0018320981721,148.12357191603886,169.70674527412808,-0.10002984971228623,-0.2696062005277339
2025-11-10,954.4285714285714,550.0,1450.0,14.0,1,10,11,0,314,1107.9056603773586,1437.065934065934,1292.3333333333333,1202.5,1161.8850596799377,1297.3335399703087,1252.7327844791243,148.45549897935132,196.13955690879072,-0.13852902321711402,-0.3358491431717556
2025-11-12,1442.142857142857,750.0,3200.0,21.0,1,12,11,2,316,954.4285714285714,1047.2916666666667,1370.9130434782608,1080.9756097560976,1196.0732399520464,1274.2226727401214,1243.3587057123627,195.70701699282003,218.92925716574499,0.5110013471037269,0.37702122822472917
2025-12-01,1909.8275862068965,1150.0,3000.0,29.0,1,1,12,0,335,1442.142857142857,1442.142857142857,1442.142857142857,1699.1917808219177,1508.9549612948629,1475.54890921886,1378.4030836486988,176.7682121551529,124.99400151313088,0.3242984748339055,0.3242984748339055
2025-12-02,2309.1666666666665,1600.0,2700.0,24.0,1,2,12,1,336,1909.8275862068965,1442.142857142857,1442.142857142857,1516.8607142857145,1632.8155055125499,1537.4791813277036,1404.8132820613973,345.4385811850147,254.6812617542818,0.20909692756763265,0.6012052171041768
2025-12-03,1429.5245901639344,875.0,2500.0,61.0,1,3,12,2,337,2309.1666666666665,1442.142857142857,1442.142857142857,1437.065934065934,1631.0128959441322,1536.5778765434948,1404.5619039313308,346.6302717701933,255.06664171329072,-0.38093485810295147,-0.008749665067108392
2025-12-04,1074.2461363636364,662.0,1700.0,44.0,1,4,12,3,338,1429.5245901639344,1442.142857142857,1442.142857142857,1109.9625,1578.456221547101,1510.299539344979,1403.3713584767852,403.2983132240347,282.9693980871326,-0.24852909578810078,-0.255104214507632
2025-12-05,988.1563888888891,350.0,1606.0,36.0,1,5,12,4,339,1074.2461363636364,1442.142857142857,1442.142857142857,1047.2916666666667,1513.601011796534,1477.8719344696954,1401.4001825508594,461.2169316411183,315.52133729231105,-0.0801396854599491,-0.314799928457432
2025-12-06,1340.4435294117648,700.0,2025.0,68.0,1,6,12,5,340,988.1563888888891,1442.142857142857,1442.142857142857,1366.8357627118644,1499.072536406378,1470.6076967746176,1400.5204414408558,465.42562203032224,317.5712539291276,0.35650950040306606,-0.07051959327564605
2025-12-07,1273.3090909090909,550.0,1933.0,55.0,1,7,12,6,341,1340.4435294117648,1442.142857142857,1442.142857142857,1315.7241379310344,1474.953426944411,1458.548142043634,1399.1066065401244,473.1775710919677,321.91135305384256,-0.050083749915324605,-0.11707145751722281
2025-12-08,1296.3934426229507,670.0,1900.0,61.0,1,8,12,0,342,1273.3090909090909,1909.8275862068965,1442.142857142857,1231.0471186440677,1387.3199778609905,1448.1374695779266,1401.2848173394204,434.4331299762554,324.826298395279,0.018129417184462815,-0.3211987029689344
2025-12-09,1042.6364285714285,700.0,1800.0,42.0,1,9,12,1,343,1296.3934426229507,2309.1666666666665,1442.142857142857,1107.9056603773586,1206.3870867045277,1419.6012961085387,1399.1091762792228,169.43106774290356,342.46306794821874,-0.19574074174434564,-0.5484793524771872
2025-12-10,1141.1904761904761,600.0,1900.0,21.0,1,10,12,2,344,1042.6364285714285,1429.5245901639344,1442.142857142857,954.4285714285714,1165.1964989940338,1398.104697469083,1405.33457310462,138.33830589047224,350.29519397011035,0.09452388667647238,-0.20169930336098152
2025-12-12,1620.625,1300.0,2030.0,16.0,1,12,12,4,346,1141.1904761904761,988.1563888888891,1442.142857142857,1442.142857142857,1265.1126348423127,1389.3568233194233,1417.5093746919213,188.5552622136092,362.23213199337397,0.42011788024201957,0.6400491037883957
2025-12-15,1994.5454545454545,650.0,2500.0,11.0,1,15,12,0,349,1620.625,1296.3934426229507,1909.8275862068965,1442.142857142857,1454.4911193568335,1420.905548608912,1447.821604129151,351.28311378609936,381.1504538981375,0.2307260807067979,0.5385340506736562
2025-12-16,1883.75,800.0,2400.0,8.0,1,16,12,1,350,1994.5454545454545,1042.6364285714285,2309.1666666666665,1442.142857142857,1574.6502009894866,1390.518643847007,1462.5418422243888,330.1440145817707,316.3340210288935,-0.05554922515952598,0.8067179971651535
2025-12-17,1920.7777777777778,1300.0,2500.0,27.0,1,17,12,2,351,1883.75,1141.1904761904761,1429.5245901639344,1442.142857142857,1686.0198155019584,1425.608157247996,1478.4963395788861,288.40511187070285,346.7751673682806,0.019656418196564163,0.6831351276166633
2025-12-18,1692.8947368421052,800.0,2200.0,19.0,1,18,12,3,352,1920.7777777777778,1141.1904761904761,1074.2461363636364,1442.142857142857,1764.8347098807626,1469.7973429964582,1486.854735568861,162.68107544936336,337.8596072943835,-0.11864102322097836,0.4834462538570503
2025-12-19,1620.0,1200.0,2200.0,15.0,1,19,12,4,353,1692.8947368421052,1620.625,988.1563888888891,1442.142857142857,1764.7454241664768,1514.9290295043945,1492.7833069974324,162.7735598999155,309.59093939895547,-0.04305922586662514,-0.00038565368299270375
2025-12-20,1487.0740740740741,550.0,2300.0,27.0,1,20,12,5,354,1620.0,1620.625,1340.4435294117648,1442.142857142857,1745.6667204627731,1525.4026398374167,1494.281014228473,188.30564439675575,305.6896496152717,-0.08205304069501596,-0.08240705032066387
2025-12-21,1325.0,1250.0,1400.0,2.0,1,21,12,6,355,1487.0740740740741,1620.625,1273.3090909090909,1442.142857142857,1703.4345776056302,1529.0948476296246,1490.3762523237112,245.49075844334624,302.7082006373076,-0.10898856815521407,-0.1824141920555341
2025-12-22,1566.8181818181818,1150.0,2400.0,11.0,1,22,12,0,356,1325.0,1994.5454545454545,1296.3934426229507,1442.142857142857,1642.3306815017343,1548.410900429284,1494.5320964795553,211.8871433012887,295.25333047552783,0.18250428816466546,-0.21444849589790338
2025-12-23,1413.5,700.0,2310.0,10.0,1,23,12,1,357,1566.8181818181818,1883.75,1042.6364285714285,1442.142857142857,1575.1521100731627,1574.9011555313248,1493.5773345747934,196.58180621833586,261.0390102140552,-0.09785320568610378,-0.24963503649635033
2025-12-24,1530.0,900.0,2100.0,17.0,1,24,12,2,358,1413.5,1920.7777777777778,1141.1904761904761,1442.142857142857,1519.3267132477656,1602.6732643748621,1496.5059060033648,124.2529178525174,230.20907605496404,0.08241952599929259,-0.2034476774454793
2025-12-25,1254.3333333333333,550.0,1800.0,15.0,1,25,12,3,359,1530.0,1692.8947368421052,1141.1904761904761,1442.142857142857,1456.675084175084,1610.7548970279233,1490.2455885430475,132.44607190286283,214.1909298937747,-0.18017429193899792,-0.2590600549251256
2025-12-26,1438.4375,900.0,2350.0,16.0,1,26,12,4,360,1254.3333333333333,1620.0,1620.625,1442.142857142857,1430.737584175084,1597.7415041707804,1490.1220766382855,111.20557223641214,219.02507701675088,0.14677451501461602,-0.11207561728395066
2025-12-27,1437.923076923077,800.0,2200.0,26.0,1,27,12,5,361,1438.4375,1487.0740740740741,1620.625,1442.142857142857,1423.7160131535131,1584.6913668081431,1489.9814172976262,108.57623264568767,222.9642584021224,-0.00035762629723090633,-0.03305215120612004
2025-12-28,1483.3333333333333,1200.0,2000.0,6.0,1,28,12,6,362,1437.923076923077,1325.0,1620.625,1442.142857142857,1446.3350607725608,1574.8848191890954,1491.354433170642,100.79749846377835,224.27758461869698,0.03158044900943313,0.11949685534591192
2025-12-29,1751.6,1400.0,2000.0,10.0,1,29,12,0,363,1483.3333333333333,1566.8181818181818,1994.5454545454545,1442.142857142857,1472.7324633699634,1557.5315724358486,1501.6696712658802,149.86302345628002,197.05582347535994,0.18085393258426974,0.1179344357412242
2025-12-30,1388.076923076923,900.0,2000.0,13.0,1,30,12,1,364,1751.6,1413.5,1883.75,1442.142857142857,1469.1005952380951,1522.126352655629,1499.8674734636822,151.83285619351673,177.49322193591772,-0.20753772375147117,-0.017985905145438186
2025-12-31,1461.3333333333333,800.0,2300.0,12.0,1,31,12,2,365,1388.076923076923,1530.0,1920.7777777777778,1909.8275862068965,1459.2910714285715,1489.3088923381688,1484.9176650345637,149.44190781863608,135.6593591583418,0.052775468735568376,-0.04488017429193902
2026-01-01,1729.25,1200.0,2400.0,8.0,1,1,1,3,1,1461.3333333333333,1254.3333333333333,1692.8947368421052,2309.1666666666665,1527.1363095238096,1491.9056968494467,1465.587109479008,148.68681697882226,140.13047052561797,0.1833371350364965,0.37862078129152277
2026-01-02,1399.4444444444443,800.0,1900.0,9.0,1,2,1,4,2,1729.25,1438.4375,1620.0,1429.5245901639344,1521.5658730158727,1476.1517285954785,1464.584437955025,153.2248579245797,136.98440154959843,-0.19072173228599432,-0.027107924783353887
2026-01-03,926.0,500.0,2340.0,15.0,1,3,1,5,3,1399.4444444444443,1437.923076923077,1487.0740740740741,1074.2461363636364,1448.4340048840047,1436.0750090187591,1459.642900076237,274.20547141507626,200.76834335202693,-0.338308852719333,-0.356015620820628
2026-01-04,973.5555555555555,575.0,1300.0,9.0,1,4,1,6,4,926.0,1483.3333333333333,1325.0,988.1563888888891,1375.608608058608,1410.9718344155845,1459.1562056317925,326.1642359493982,234.81044334515124,0.05135589152867759,-0.3436704119850187
2026-01-15,1537.7142857142858,450.0,4000.0,7.0,1,15,1,3,15,973.5555555555555,973.5555555555555,1729.25,1883.75,1054.1496598639455,1040.87641723356,1302.4207370593992,213.23195713799933,183.65280192600733,0.5794828317083511,0.5794828317083511
2026-01-16,1197.5,800.0,1550.0,20.0,1,16,1,4,16,1537.7142857142858,973.5555555555555,1399.4444444444443,1920.7777777777778,1086.1417233560092,1026.4518140589569,1278.3114778001402,215.90764644167453,159.69093216027213,-0.2212467484206615,0.2300273910066195
2026-01-17,1305.7894736842106,800.0,2300.0,19.0,1,17,1,5,17,1197.5,973.5555555555555,926.0,1692.8947368421052,1133.6037116601026,1053.579633607829,1265.4079690282101,223.4195147622896,173.01658889191668,0.0904296231183388,0.3412583044005817
2026-01-18,950.0,900.0,1000.0,2.0,1,18,1,6,18,1305.7894736842106,973.5555555555555,973.5555555555555,1620.0,1130.2386322950233,1051.8970939252893,1243.0746356948769,226.38953222586258,173.96659155105215,-0.27247077791213226,-0.024195389180552418
2026-01-19,1280.3846153846155,950.0,2100.0,13.0,1,19,1,0,19,950.0,973.5555555555555,973.5555555555555,1487.0740740740741,1174.071355127746,1073.813455341651,1236.184987071895,220.6272869092245,182.4578874376667,0.3477732793522268,0.31516338033115043
2026-01-20,1320.0,950.0,2100.0,10.0,1,20,1,1,20,1280.3846153846155,973.5555555555555,973.5555555555555,1325.0,1223.5634186198097,1098.5594870876826,1236.0183204052285,206.55940689012942,191.10297104071552,0.03094022228897564,0.3558548276649167
2026-01-21,1425.111111111111,1100.0,1750.0,9.0,1,21,1,2,21,1320.0,973.5555555555555,973.5555555555555,1566.8181818181818,1288.071355127746,1130.8134553416508,1231.2947513816591,184.83747595110063,205.91447323281295,0.07962962962962972,0.4638210454234193
2026-01-22,1395.2941176470588,900.0,2100.0,17.0,1,22,1,3,22,1425.111111111111,1537.7142857142858,973.5555555555555,1413.5,1267.725616832428,1160.9376383481867,1230.6878886365614,158.7801622993293,211.90082182850114,-0.020922574549857353,-0.09261809517564001
2026-01-23,1458.2857142857142,1050.0,2270.0,14.0,1,23,1,4,23,1395.2941176470588,1197.5,973.5555555555555,1530.0,1304.9807188732443,1195.5612211146267,1228.297412446085,169.77080369536344,218.42904081586175,0.04514574801252702,0.21777512675216215
2026-01-24,1266.774193548387,600.0,2260.0,31.0,1,24,1,5,24,1458.2857142857142,1305.7894736842106,973.5555555555555,1254.3333333333333,1299.4071074252695,1216.505409542686,1228.7121077865866,170.37917674276858,209.3744789808205,-0.1313264738598442,-0.029878690954479925
2026-01-25,1212.5,700.0,1600.0,8.0,1,25,1,6,25,1266.774193548387,950.0,973.5555555555555,1438.4375,1336.9071074252695,1233.5728698601465,1221.1808577865866,91.10264522961184,197.44580147472874,-0.042844410491469254,0.2763157894736843
2026-01-26,1393.3333333333333,1000.0,2310.0,6.0,1,26,1,0,26,1212.5,1280.3846153846155,973.5555555555555,1437.923076923077,1353.0426385608007,1263.5569968442735,1219.694533000262,89.40990914094975,186.49205190672856,0.1491408934707903,0.08821467908280756
2026-01-27,1270.3333333333333,800.0,1950.0,15.0,1,27,1,1,27,1393.3333333333333,1320.0,973.5555555555555,1483.3333333333333,1345.9474004655624,1284.755409542686,1212.5945330002621,94.3057151841032,166.82200912962787,-0.08827751196172251,-0.037626262626262674
2026-01-28,1263.4642857142858,700.0,2310.0,28.0,1,28,1,2,28,1270.3333333333333,1425.111111111111,973.5555555555555,1751.6,1322.8549968374446,1305.4631759825952,1196.3233425240717,91.43774284264302,141.25513633951664,-0.005407279679124244,-0.11342752444810755
2026-01-29,1143.5294117647059,350.0,2310.0,17.0,1,29,1,3,29,1263.4642857142858,1395.2941176470588,1537.7142857142858,1388.076923076923,1286.8886102828226,1277.3071135576251,1188.1717588136642,106.47404801357207,130.25786500810634,-0.09492541681285127,-0.1804384485666104
2026-01-30,1193.8125,876.0,2300.0,16.0,1,30,1,4,30,1143.5294117647059,1458.2857142857142,1197.5,1461.3333333333333,1249.1067225277206,1277.0437207004823,1179.2543977025532,78.86088505590826,130.43526305049903,0.04397183641975322,-0.18135898315047017
2026-01-31,1223.0,825.0,2033.0,16.0,1,31,1,5,31,1193.8125,1266.774193548387,1305.7894736842106,1729.25,1242.8532663065228,1271.130186865896,1162.3793977025532,78.96192814336464,130.90762423893202,0.024448981728705244,-0.03455564043799342
2026-02-01,1273.6363636363637,900.0,2310.0,11.0,1,1,2,6,32,1223.0,1212.5,950.0,1399.4444444444443,1251.5870325402889,1294.247069982779,1158.1857950089507,78.42432039241031,92.89311438645005,0.04140340444510526,0.050421743205248504
2026-02-02,1119.5,750.0,1875.0,18.0,1,2,2,0,33,1273.6363636363637,1393.3333333333333,1280.3846153846155,926.0,1212.4679849212412,1282.755311741021,1164.6357950089507,62.64332279462107,104.02448780516318,-0.12102069950035699,-0.1965311004784689
2026-02-03,1061.0384615384614,600.0,2290.0,26.0,1,3,2,1,34,1119.5,1270.3333333333333,1320.0,973.5555555555555,1182.568717521974,1264.2580589937681,1167.5518918750474,78.38989519542618,118.85846161009519,-0.05222111519565753,-0.16475586863936387
2026-02-04,950.2,600.0,1300.0,10.0,1,4,2,2,35,1061.0384615384614,1263.4642857142858,1425.111111111111,973.5555555555555,1137.8166767056473,1230.3358367715462,1166.773373356529,108.24491199864482,135.95928701939664,-0.10446224671040694,-0.24794075246629166
2026-02-14,1195.0,750.0,2000.0,10.0,1,14,2,5,45,950.2,950.2,1223.0,1537.7142857142858,985.1714285714287,1010.798201798202,1148.3428971660528,92.52570299265882,108.86681595914303,0.25762997263733944,0.25762997263733944
2026-02-15,1183.3333333333333,1000.0,1500.0,3.0,1,15,2,6,46,1195.0,950.2,1273.6363636363637,1197.5,1018.4761904761906,1004.3479853479854,1147.8706749438304,116.65242089895646,93.71716254687303,-0.009762900976290179,0.24535185574966656
2026-02-16,1168.090909090909,800.0,1850.0,11.0,1,16,2,0,47,1183.3333333333333,950.2,1119.5,1305.7894736842106,1049.6034632034632,1007.8187645687647,1143.2807227907206,124.22244825156604,99.05744079757766,-0.012880921895006447,0.22931057576395375
2026-02-17,1089.4444444444443,750.0,1600.0,9.0,1,17,2,1,48,1168.090909090909,950.2,1061.0384615384614,950.0,1069.4955266955267,1009.8477633477634,1147.9288709388686,116.56449992548758,100.5116431337266,-0.06732906149203144,0.1465422484155381
2026-02-18,1083.75,800.0,1600.0,8.0,1,18,2,2,49,1089.4444444444443,950.2,950.2,1280.3846153846155,1088.574098124098,1019.3870490620491,1141.3743837593815,104.04127383128062,100.75231952795104,-0.005226925038245733,0.14054935802988844
2026-02-19,1117.6666666666667,800.0,1675.0,6.0,1,19,2,3,50,1083.75,950.2,950.2,1320.0,1112.4979076479078,1031.348953823954,1134.629939314937,84.30111292309945,101.84158276254564,0.03129565551710889,0.17624359783905152
2026-02-20,1039.2857142857142,800.0,1500.0,7.0,1,20,2,4,51,1117.6666666666667,950.2,950.2,1425.111111111111,1125.2244382601525,1037.7122191300764,1121.7690927540903,58.488928012748154,99.1281870801894,-0.07012909547952806,0.09375469825901295
2026-02-21,1061.6666666666667,800.0,1500.0,15.0,1,21,2,5,52,1039.2857142857142,1195.0,950.2,1395.2941176470588,1106.1768192125335,1045.674123891981,1110.6481777214108,53.474303758313845,95.98521810676857,0.02153493699885467,-0.11157601115760107
2026-02-22,1076.923076923077,700.0,1500.0,13.0,1,22,2,6,53,1061.6666666666667,1183.3333333333333,950.2,1458.2857142857142,1090.9753540110682,1054.7257722436293,1097.9360898093225,41.717440260606764,92.18928823029232,0.014370245139475823,-0.08992416034669548
2026-02-23,1106.7083333333333,700.0,2290.0,24.0,1,23,2,0,54,1076.923076923077,1168.090909090909,950.2,1266.774193548387,1082.206414617129,1065.904938910296,1092.6005611354876,26.471766871532378,87.93011214707572,0.027657738095238082,-0.052549485044231736
2026-02-24,1118.5384615384614,700.0,1500.0,13.0,1,24,2,1,55,1106.7083333333333,1089.4444444444443,950.2,1212.5,1086.362702773417,1077.9291147344718,1089.4685098534362,29.8642263331081,82.21486092740805,0.01068947241907603,0.02670537010159646
2026-02-26,999.4,700.0,1501.0,10.0,1,26,2,3,57,1118.5384615384614,1117.6666666666667,950.2,1270.3333333333333,1074.437244897959,1093.4675762729335,1071.2775696824963,44.659345835310766,67.75348871769283,-0.10651261948971869,-0.10581568744407999
2026-02-27,898.2727272727273,500.0,1600.0,11.0,1,27,2,4,58,999.4,1039.2857142857142,950.2,1263.4642857142858,1054.2925324675323,1089.7584853638425,1059.1045177344442,80.54438126072932,76.99140098055246,-0.10118798551858388,-0.13568259918775383
2026-02-28,1006.2692307692307,300.0,1867.0,26.0,1,28,2,5,59,898.2727272727273,1061.6666666666667,1195.0,1143.5294117647059,1046.378613053613,1076.2777161330732,1054.5291783679284,82.39926468465559,73.59464289002428,0.1202268534016333,-0.0521796884434248
2026-03-01,1463.0,800.0,1875.0,15.0,1,1,3,6,60,1006.2692307692307,1076.923076923077,1183.3333333333333,1193.8125,1101.5324592074592,1096.2539066092638,1063.502095034595,178.92485456775535,124.93591405485303,0.4538852578068264,0.35850000000000004
2026-03-04,960.0,600.0,1350.0,23.0,1,4,3,2,63,1463.0,1118.5384615384614,1083.75,1119.5,1178.9917082917084,1135.1620956424529,1072.4975495800495,267.96420153031585,188.90986115800789,-0.3438140806561859,-0.14173715700433254
2026-03-15,940.3846153846154,715.0,1200.0,13.0,1,15,3,6,74,960.0,960.0,1463.0,950.2,957.1978021978022,1030.456043956044,1071.7424213749214,7.413918509027153,183.32526904059856,-0.02043269230769229,-0.02043269230769229
2026-03-16,939.3435294117647,350.0,1514.0,34.0,1,16,3,0,75,940.3846153846154,960.0,1463.0,1195.0,954.2468778280543,993.0520103425986,1063.2205390219801,9.829921902832886,135.45545894759516,-0.0011070852881028825,-0.021517156862745024
2026-03-17,1027.3636363636363,650.0,1600.0,11.0,1,17,3,1,76,939.3435294117647,960.0,1463.0,1183.3333333333333,963.8702544514308,961.9351272257154,1058.0215491229903,29.564789046748853,20.185460402487603,0.09370385188791519,0.07017045454545445
2026-03-18,1058.3333333333333,700.0,1600.0,9.0,1,18,3,2,77,1027.3636363636363,960.0,960.0,1168.090909090909,977.91787349905,968.9589367495249,1054.3629632644045,46.13640230203811,32.69330838589445,0.03014482494174553,0.10243055555555558
2026-03-23,891.8844827586207,250.0,1572.0,29.0,1,23,3,0,82,1058.3333333333333,939.3435294117647,960.0,1061.6666666666667,1030.1306836841318,992.1887807560931,1045.4764407320197,62.043823030431,58.065355760218765,-0.15727450448004332,-0.05052363184197772
2026-03-24,923.7916666666666,500.0,1400.0,24.0,1,24,3,1,83,891.8844827586207,1027.3636363636363,960.0,1076.923076923077,1015.3346880131363,989.6024712322835,1040.3720603901395,74.0095663090057,60.37002163972227,0.03577501854203824,-0.10081334985104562
2026-03-25,881.2222222222222,600.0,1200.0,27.0,1,25,3,2,84,923.7916666666666,1058.3333333333333,960.0,1106.7083333333333,990.033100711549,983.9754871052994,1032.8558566864358,86.13997636867057,66.6827762523987,-0.04608121720565905,-0.1673490813648294
2026-03-26,853.8235294117648,275.0,1175.0,17.0,1,26,3,3,85,881.2222222222222,1058.3333333333333,960.0,1118.5384615384614,960.817414437039,976.391453491854,1024.032025615546,93.48244437577377,75.12306140904977,-0.031091695283585574,-0.1932376100046317
2026-03-27,980.0,650.0,1600.0,18.0,1,27,3,4,86,853.8235294117648,1058.3333333333333,960.0,1118.5384615384614,949.6269382465629,977.8200249204255,1019.4140768975973,84.07916337983926,74.97740021183647,0.14777816052359616,-0.07401574803149602
2026-03-28,1017.9411764705883,750.0,1550.0,17.0,1,28,3,5,87,980.0,1058.3333333333333,960.0,999.4,943.8566301233137,981.9586803826104,1020.0321161132835,76.41172892999853,75.51530257549828,0.038715486194477844,-0.03816581750810544
2026-03-29,999.0909090909091,750.0,1400.0,11.0,1,29,3,6,88,1017.9411764705883,1058.3333333333333,940.3846153846154,898.2727272727273,935.3934266601102,986.151987075917,1023.3927221738894,63.87102005036877,74.65419195073109,-0.018518032097922354,-0.05597709377236926
2026-03-30,1031.0625,675.0,2310.0,16.0,1,30,3,0,89,999.0909090909091,891.8844827586207,939.3435294117647,1006.2692307692307,955.2760005517359,992.7033421179339,1024.2191644815819,69.48545338899628,74.25386175267585,0.03200068243858056,0.1560493762722479
2026-03-31,1005.5555555555555,600.0,1600.0,9.0,1,31,3,1,90,1031.0625,923.7916666666666,1027.3636363636363,1463.0,966.9565561072914,991.1456220602139,1008.9710163334336,70.17964106566913,73.69747950786787,-0.024738504643942005,0.08850901327560035
2026-04-01,1308.3333333333333,1000.0,1550.0,6.0,1,1,4,2,91,1005.5555555555555,881.2222222222222,1058.3333333333333,1463.0,1027.9724291231646,1009.0027649173566,1003.8154607778781,137.03908373400577,111.71278772536354,0.30110497237569045,0.48468036817551385
2026-04-02,1197.8181818181818,801.0,1725.0,11.0,1,2,4,3,92,1308.3333333333333,853.8235294117648,1058.3333333333333,1463.0,1077.1145223240812,1018.9659683805602,994.9760668384841,125.36173392268196,122.18043120148107,-0.08447017950202662,0.40288729527448086
2026-04-03,907.25,650.0,2000.0,16.0,1,3,4,4,93,1197.8181818181818,980.0,1058.3333333333333,960.0,1066.721665181224,1008.1743017138934,993.2177335051508,137.21031978536865,125.07381764603511,-0.24258120825743767,-0.074234693877551
2026-04-04,1035.608695652174,600.0,1500.0,23.0,1,4,4,5,94,907.25,1017.9411764705883,1058.3333333333333,960.0,1069.245596492879,1006.5511133080963,995.7380233602233,136.32309679753723,124.51901595170366,0.1414810643727462,0.01735612979410317
2026-04-14,816.6666666666666,800.0,850.0,3.0,1,14,4,1,104,1035.608695652174,1035.608695652174,1005.5555555555555,940.3846153846154,1004.3312629399587,1041.8682241671372,1014.2967004319439,82.75230860507823,112.50766416463146,-0.21141385728480078,-0.21141385728480078
2026-04-15,843.5,500.0,1400.0,22.0,1,15,4,2,105,816.6666666666666,1035.608695652174,1308.3333333333333,939.3435294117647,976.8871635610767,1008.6658432147563,1011.1019161182184,100.58481883762737,95.05722688858874,0.03285714285714292,-0.18550316973844416
2026-04-16,865.3,350.0,1300.0,20.0,1,16,4,3,106,843.5,1035.608695652174,1197.8181818181818,1027.3636363636363,952.5573498964804,984.9145445134576,1005.6997949060972,104.5336728789602,85.18929696689935,0.025844694724362682,-0.1644527478063732
2026-04-17,874.1666666666666,500.0,1780.0,24.0,1,17,4,4,107,865.3,1035.608695652174,907.25,1058.3333333333333,929.4942028985507,982.5514492753624,999.5609060172084,100.90254748407925,87.92433111922213,0.010246927847759935,-0.15589095539975095
2026-04-18,848.3125,600.0,1160.0,16.0,1,18,4,5,108,874.1666666666666,1035.608695652174,1035.608695652174,1058.3333333333333,902.7376035196687,969.1731495859214,992.5602115727638,92.56233806968243,93.31430078761149,-0.029575786463298392,-0.18085614425458674
2026-04-19,970.0,700.0,1770.0,6.0,1,19,4,6,109,848.3125,1035.608695652174,1035.608695652174,1058.3333333333333,893.3649327122154,964.4868141821946,989.6157671283195,79.2267765372451,91.34794050834502,0.14344654829440806,-0.06335278559133473
2026-04-20,835.6666666666666,400.0,1500.0,9.0,1,20,4,0,110,970.0,1035.608695652174,1035.608695652174,1058.3333333333333,864.8017857142858,950.2052406832298,982.1935449060971,50.07680928211148,94.93261685415607,-0.13848797250859113,-0.19306715927061036
2026-05-01,1475.0,1000.0,2100.0,9.0,1,1,5,4,121,835.6666666666666,835.6666666666666,874.1666666666666,1308.3333333333333,927.0,891.8318452380952,944.8811435002195,241.64528641056594,171.59637137117437,0.7650578380534505,0.7650578380534505
2026-05-02,1180.047619047619,850.0,2290.0,21.0,1,2,5,5,122,1475.0,835.6666666666666,848.3125,1197.8181818181818,976.1972789115646,915.5272108843537,944.2887914078675,254.65773783271075,187.30947337329067,-0.19996771589991935,0.41210325374665224
2026-05-03,1035.0,650.0,1600.0,10.0,1,3,5,6,123,1180.047619047619,835.6666666666666,970.0,907.25,1004.6734693877551,920.1700680272108,948.5471247412008,247.364789224897,189.55567103313385,-0.12291675073645125,0.23853211009174324
2026-05-04,968.75,750.0,1300.0,8.0,1,4,5,0,124,1035.0,835.6666666666666,835.6666666666666,1035.608695652174,1023.6853741496599,929.6760204081633,946.3185015527949,237.11216133501893,188.32494066420577,-0.06400966183574874,0.15925408855205436
2026-06-01,1440.0,1250.0,1600.0,5.0,1,1,6,0,152,968.75,968.75,968.75,1180.047619047619,1036.0714285714287,1002.4107142857143,986.6666666666666,178.11575790559831,125.94686025122999,0.4864516129032259,0.4864516129032259
2026-06-02,1153.9285714285713,900.0,2320.0,14.0,1,2,6,1,153,1440.0,968.75,968.75,1035.0,1062.5255102040815,1015.6377551020407,990.6309523809524,180.19005781769965,131.7308455546913,-0.1986607142857143,0.1911520737327188
2026-06-04,948.7142857142857,500.0,1516.0,21.0,1,4,6,3,155,1153.9285714285713,968.75,968.75,968.75,1086.1173469387754,1027.4336734693877,996.1357142857142,180.10855064259786,136.6768703445994,-0.17783967811822965,-0.020682027649769674
2026-07-01,1413.9259259259259,850.0,2100.0,27.0,1,1,7,2,182,948.7142857142857,948.7142857142857,948.7142857142857,1440.0,1015.1730914588057,981.9436885865458,977.9022927689595,175.8334724303508,124.33304071507891,0.49036010864048807,0.49036010864048807
2026-07-02,1111.6315789473683,350.0,1875.0,19.0,1,2,7,3,183,1413.9259259259259,948.7142857142857,948.7142857142857,1153.9285714285713,1038.4469904921032,993.5806381031944,976.4923930195858,176.35201845343215,128.5367533638646,-0.21379786694313319,0.1717242964360155
2026-07-04,1061.3,800.0,1433.0,10.0,1,4,7,5,185,1111.6315789473683,948.7142857142857,948.7142857142857,948.7142857142857,1077.8045629947885,1013.2594243545371,978.8353504130697,166.09806556164233,131.22395806382298,-0.04527721225320769,0.1186718867640415
2026-08-01,1301.1904761904761,550.0,1875.0,21.0,1,1,8,5,213,1061.3,1061.3,1061.3,1111.6315789473683,1095.5700680272107,1078.4350340136054,1070.974068504595,90.67007741326589,64.11342658962953,0.22603455779749004,0.22603455779749004
2026-08-02,1131.25,750.0,1600.0,8.0,1,2,8,6,214,1301.1904761904761,1061.3,1061.3,1111.6315789473683,1105.562925170068,1083.431462585034,1071.6280158730158,90.11658860851323,65.38831944665698,-0.13060384263494962,0.06590973334589667
2026-08-04,896.3913043478261,600.0,1211.0,23.0,1,4,8,1,216,1131.25,1061.3,1061.3,1061.3,1091.9973972197574,1076.6486986098787,1068.4627260179434,121.05922248781218,83.77174472354956,-0.207609896709104,-0.1553836762952736
2026-08-23,3202.777777777778,2350.0,4000.0,18.0,1,23,8,6,235,896.3913043478261,896.3913043478261,896.3913043478261,1061.3,1225.8750862663906,1061.1331953071083,1040.9001012192316,871.7321479855618,616.4077132189057,2.572968370223063,2.572968370223063
