date,avg_price,min_price,max_price,mandi_count,arrival_quantity,days_since_previous,day,month,day_of_week,day_of_year,lag_1,lag_2,lag_3,lag_7,lag_14,ma_3,ma_7,ma_14,std_7,change_1,change_3
2025-01-19,3996.0,3250.0,4900.0,5,0.0,1.0,19,1,6,19,4115.454545454545,4010.5555555555557,3883.5384615384614,4142.5,4238.5,4040.6700336700337,4116.414173128459,4068.6349364920793,200.23735937837674,-0.029025844930417377,0.02895852315493408
2025-01-20,4380.0,3250.0,6600.0,9,0.0,1.0,20,1,0,20,3996.0,4115.454545454545,4010.5555555555557,4485.0,4514.545454545455,4163.818181818181,4101.414173128459,4059.0245468816897,169.61573084570082,0.09609609609609615,0.09211802188668794
2025-01-21,4423.125,3250.0,6500.0,8,0.0,1.0,21,1,1,21,4380.0,3996.0,4115.454545454545,4060.714285714286,4039.0,4266.375,4153.187132312132,4086.4620468816897,206.43613906578642,0.009845890410958846,0.07475977468522221
2025-01-22,4337.0,3250.0,6500.0,10,0.0,1.0,22,1,2,22,4423.125,4380.0,3996.0,4263.636363636364,3825.5,4380.041666666667,4163.667651792652,4122.997761167404,214.67592850689522,-0.019471527483396867,0.08533533533533544
2025-01-23,4314.444444444444,3250.0,6500.0,9,0.0,1.0,23,1,3,23,4337.0,4423.125,4380.0,3883.5384615384614,3250.0,4358.189814814815,4225.225649350649,4199.02950719915,179.93058578621674,-0.00520072758947554,-0.014967021816336912
2025-01-24,4202.5,3250.0,6500.0,8,0.0,1.0,24,1,4,24,4314.444444444444,4337.0,4423.125,4010.5555555555557,4102.777777777777,4284.648148148149,4252.6462842712845,4206.152523072166,154.6070619562628,-0.025946433170229155,-0.04987989260986292
2025-01-25,4322.5,3250.0,6500.0,12,0.0,1.0,25,1,5,25,4202.5,4314.444444444444,4337.0,4115.454545454545,4271.666666666667,4279.814814814815,4282.224206349207,4209.783475453119,143.38413192127229,0.028554431885782217,-0.003343324878948617
2025-01-26,3894.0,3250.0,5100.0,10,0.0,1.0,26,1,6,26,4322.5,4202.5,4314.444444444444,3996.0,4142.5,4139.666666666667,4267.652777777778,4192.033475453119,178.26081458631208,-0.0991324465008675,-0.09745042492917844
2025-01-27,3759.090909090909,2000.0,6500.0,11,0.0,1.0,27,1,0,27,3894.0,4322.5,4202.5,4380.0,4485.0,3991.863636363636,4178.951479076479,4140.182826102469,252.19018659998252,-0.03464537516925814,-0.10551078903250233
2025-01-28,3937.5,3250.0,5000.0,8,0.0,1.0,28,1,1,28,3759.090909090909,3894.0,4322.5,4423.125,4060.714285714286,3863.5303030303025,4109.576479076479,4131.3818056943055,240.34253866687646,0.047460701330108934,-0.08906882591093113
2025-01-29,4283.6,2601.0,6750.0,10,0.0,1.0,29,1,2,29,3937.5,3759.090909090909,3894.0,4337.0,4263.636363636364,3993.3969696969702,4101.947907647908,4132.8077797202795,232.6451438020705,0.08789841269841281,0.10005136106831025
2025-01-30,4563.0,2000.0,8000.0,10,0.0,1.0,30,1,3,30,4283.6,3937.5,3759.090909090909,4314.444444444444,3883.5384615384614,4261.366666666668,4137.455844155845,4181.340746753247,283.82246106632556,0.06522551125221776,0.21385731559854904
2025-01-31,4378.75,3250.0,6750.0,8,0.0,1.0,31,1,4,31,4563.0,4283.6,3937.5,4202.5,4010.5555555555557,4408.450000000001,4162.634415584415,4207.64034992785,298.017208858609,-0.04037913653298264,0.11206349206349198
2025-02-01,4213.461538461538,2000.0,6500.0,13,0.0,1.0,1,2,5,32,4378.75,4563.0,4283.6,4322.5,4115.454545454545,4385.070512820513,4147.0574925074925,4214.64084942835,291.03649492428315,-0.03774786446781886,-0.01637371872687976
2025-02-02,3820.2,3250.0,4601.0,5,0.0,1.0,2,2,6,33,4213.461538461538,4378.75,4563.0,3894.0,3996.0,4137.470512820513,4136.514635364635,4202.083706571207,302.8291903873196,-0.09333455043359196,-0.16278763971071664
2025-02-03,3787.5,2600.0,5000.0,4,0.0,1.0,3,2,0,34,3820.2,4213.461538461538,4378.75,3759.090909090909,4380.0,3940.3871794871793,4140.573076923077,4159.762277999778,297.063506457519,-0.008559761269043453,-0.1350271196117614
2025-02-04,3796.25,2600.0,5000.0,8,0.0,1.0,4,2,1,35,3787.5,3820.2,4213.461538461538,3937.5,4423.125,3801.316666666667,4120.394505494505,4114.985492285492,317.26693407116505,0.0023102310231022383,-0.09901871291647646
2025-02-05,4050.0,2600.0,6750.0,8,0.0,1.0,5,2,2,36,3796.25,3787.5,3820.2,4283.6,4337.0,3877.9166666666665,4087.0230769230766,4094.4854922854925,309.42786773394346,0.06684227856437275,0.060153918643003124
2025-02-06,4041.875,2600.0,6750.0,8,0.0,1.0,6,2,3,37,4050.0,3796.25,3787.5,4563.0,4314.444444444444,3962.7083333333335,4012.576648351648,4075.016246253746,227.728659607964,-0.002006172839506215,0.06716171617161715
2025-02-07,3955.5,1700.0,6700.0,10,0.0,1.0,7,2,4,38,4041.875,4050.0,3796.25,4378.75,4202.5,4015.7916666666665,3952.1123626373624,4057.373389110889,160.5954367565374,-0.02137003247255298,0.04194929206453746
2025-02-08,4315.5,2600.0,6750.0,10,0.0,1.0,8,2,5,39,3955.5,4041.875,4050.0,4213.461538461538,4322.5,4104.291666666667,3966.6892857142857,4056.873389110889,190.17761098572575,0.09101251422070544,0.06555555555555559
2025-02-09,3897.5,2155.0,6750.0,8,0.0,1.0,9,2,6,40,4315.5,3955.5,4041.875,3820.2,3894.0,4056.1666666666665,3977.7321428571427,4057.123389110889,182.33649108761193,-0.0968601552543158,-0.03571980825730636
2025-02-10,3755.0,2600.0,6020.0,4,0.0,1.0,10,2,0,41,3897.5,4315.5,3955.5,3787.5,3759.090909090909,3989.3333333333335,3973.089285714286,4056.831181318681,188.30384237601567,-0.03656189865298265,-0.050688914170142874
2025-02-13,4479.181818181818,3250.0,6500.0,11,0.0,3.0,13,2,3,44,3755.0,3897.5,4315.5,3796.25,3937.5,4043.8939393939395,4070.650974025974,4095.5227397602393,248.65624182302417,0.1928580075051447,0.03792881895071676
2025-02-14,4364.375,3250.0,6500.0,8,0.0,1.0,14,2,4,45,4479.181818181818,3755.0,3897.5,4050.0,4283.6,4199.518939393939,4115.561688311688,4101.292382617382,271.63336027566635,-0.025631202938848352,0.11978832584990373
2025-02-15,4541.666666666667,3250.0,6500.0,12,0.0,1.0,15,2,5,46,4364.375,4479.181818181818,3755.0,4041.875,4563.0,4461.741161616162,4186.960497835497,4099.768573093573,311.7582634623961,0.04062246407943104,0.20949844651575678
2025-02-16,4150.0,3250.0,5250.0,5,0.0,1.0,16,2,6,47,4541.666666666667,4364.375,4479.181818181818,3955.5,4378.75,4352.01388888889,4214.746212121212,4083.4292873792874,295.9580724629624,-0.0862385321100918,-0.07349150615981004
2025-02-17,4359.1,3250.0,6500.0,10,0.0,1.0,17,2,0,48,4150.0,4541.666666666667,4364.375,4315.5,4213.461538461538,4350.2555555555555,4220.974783549784,4093.8320346320347,298.8762867042419,0.050385542168674746,-0.0012086495775454065
2025-02-18,4329.181818181818,3250.0,6500.0,11,0.0,1.0,18,2,1,49,4359.1,4150.0,4541.666666666667,3897.5,3820.2,4279.427272727273,4282.643614718615,4130.187878787879,263.4431381126572,-0.006863385060719485,-0.04678565471226037
2025-02-19,4009.1666666666665,3250.0,5000.0,6,0.0,1.0,19,2,2,50,4329.181818181818,4359.1,4150.0,3755.0,3787.5,4232.482828282828,4318.953138528139,4146.021212121212,184.19505442122522,-0.07392046926076035,-0.03393574297188762
2025-02-20,4071.6666666666665,2495.0,6500.0,12,0.0,1.0,20,2,3,51,4009.1666666666665,4329.181818181818,4359.1,4479.181818181818,3796.25,4136.671717171716,4260.736688311687,4165.693831168831,189.4378492148683,0.01558927457908954,-0.06593868764959143
2025-02-21,3712.222222222222,2600.0,4725.0,9,0.0,1.0,21,2,4,52,4071.6666666666665,4009.1666666666665,4329.181818181818,4364.375,4050.0,3931.0185185185182,4167.5720057720055,4141.566847041847,272.2406428271688,-0.08827943784963843,-0.14251182368189563
2025-02-22,4118.888888888889,2600.0,6500.0,9,0.0,1.0,22,2,5,53,3712.222222222222,4071.6666666666665,4009.1666666666665,4541.666666666667,4041.875,3967.5925925925926,4107.17518037518,4147.067839105339,216.63279244501967,0.10954803950912906,0.027367837594401756
2025-02-23,3237.0,2600.0,4511.0,3,0.0,1.0,23,2,6,54,4118.888888888889,3712.222222222222,4071.6666666666665,4150.0,3955.5,3689.37037037037,3976.7466089466093,4095.7464105339104,391.1240626335748,-0.214108443485298,-0.20499386000818665
2025-02-24,3950.6,2600.0,6500.0,10,0.0,1.0,24,2,0,55,3237.0,4118.888888888889,3712.222222222222,4359.1,4315.5,3768.829629629629,3918.3894660894657,4069.6821248196247,353.20410314674797,0.2204510349088662,0.06421430709368448
2025-02-25,4064.0,2600.0,6500.0,10,0.0,1.0,25,2,1,56,3950.6,3237.0,4118.888888888889,4329.181818181818,3897.5,3750.533333333333,3880.506349206349,4081.574981962482,313.8271785853045,0.028704500582189985,-0.013326139735635234
2025-02-26,3512.5,2600.0,4125.0,6,0.0,1.0,26,2,2,57,4064.0,3950.6,3237.0,4009.1666666666665,3755.0,3842.3666666666663,3809.553968253968,4064.253553391053,335.30098452494616,-0.13570374015748032,0.08510966944701881
2025-02-27,3645.0,2000.0,4800.0,11,0.0,1.0,27,2,3,58,3512.5,4064.0,3950.6,4071.6666666666665,4479.181818181818,3740.4999999999995,3748.6015873015867,4004.669137806638,318.0485010007598,0.037722419928825524,-0.07735533842960562
2025-02-28,4111.111111111111,2600.0,6500.0,9,0.0,1.0,28,2,4,59,3645.0,3512.5,4064.0,3712.222222222222,4364.375,3756.203703703703,3805.5857142857144,3986.57886002886,345.03344173307084,0.12787684804145716,0.011592300962379731
2025-03-01,3982.9166666666665,2401.0,6250.0,12,0.0,1.0,1,3,5,60,4111.111111111111,3645.0,3512.5,4118.888888888889,4541.666666666667,3913.0092592592587,3786.1611111111115,3946.6681457431455,327.8553127223153,-0.031182432432432572,0.1339264531435349
2025-03-02,4345.0,2600.0,6750.0,12,0.0,1.0,2,3,6,61,3982.9166666666665,4111.111111111111,3645.0,3237.0,4150.0,4146.342592592592,3944.4468253968257,3960.596717171717,282.92432522693224,0.09090909090909105,0.1920438957475994
2025-03-03,4001.1111111111113,2600.0,5000.0,9,0.0,1.0,3,3,0,62,4345.0,3982.9166666666665,4111.111111111111,3950.6,4359.1,4109.675925925925,3951.662698412699,3935.0260822510822,283.7503423741941,-0.07914588927247146,-0.026756756756756706
2025-03-04,3930.5555555555557,2600.0,5100.0,9,0.0,1.0,4,3,1,63,4001.1111111111113,4345.0,3982.9166666666665,4064.0,4329.181818181818,4092.2222222222213,3932.5992063492063,3906.552777777778,279.3944242550681,-0.01763399055817827,-0.013146423963455
2025-03-05,4108.0,2600.0,6750.0,10,0.0,1.0,5,3,2,64,3930.5555555555557,4001.1111111111113,4345.0,3512.5,4009.1666666666665,4013.2222222222213,4017.670634920635,3913.6123015873018,212.91215925538214,0.045144876325088346,-0.054545454545454564
2025-03-06,4060.5555555555557,2600.0,6750.0,9,0.0,1.0,6,3,3,65,4108.0,3930.5555555555557,4001.1111111111113,3645.0,4071.6666666666665,4033.0370370370365,4077.035714285714,3912.8186507936507,135.57024692159538,-0.011549280536622297,0.014856984171063514
2025-03-07,4582.818181818182,2600.0,7900.0,11,0.0,1.0,7,3,4,66,4060.5555555555557,4108.0,3930.5555555555557,4111.111111111111,3712.222222222222,4250.457912457911,4144.422438672439,3975.0040764790765,235.63521543963907,0.12861851515566114,0.16594667523289441
2025-03-08,3636.25,2600.0,5345.0,4,0.0,1.0,8,3,5,67,4582.818181818182,4060.5555555555557,4108.0,3982.9166666666665,4118.888888888889,4093.207912457912,4094.898629148629,3940.5298701298702,302.2500586155361,-0.20654718216262324,-0.11483690360272636
2025-03-09,4068.125,2600.0,6750.0,8,0.0,1.0,9,3,6,68,3636.25,4582.818181818182,4060.5555555555557,4345.0,3237.0,4095.73106060606,4055.3450577200574,3999.895941558442,281.46797450312107,0.11876933654176702,0.0018641401012449155
2025-03-10,4245.555555555556,2600.0,6750.0,9,0.0,1.0,10,3,0,69,4068.125,3636.25,4582.818181818182,4001.1111111111113,3950.6,3983.3101851851848,4090.2656926406926,4020.9641955266957,288.68895641750294,0.043614823919018164,-0.07359284459520521
2025-03-12,6075.0,2600.0,9550.0,2,0.0,2.0,12,3,2,71,4245.555555555556,4068.125,3636.25,3930.5555555555557,4064.0,4796.226851851851,4396.614898989899,4164.607052669553,791.2818683050851,0.4309081392305678,0.6706772086627708
2025-03-14,3300.0,2600.0,4500.0,4,0.0,2.0,14,3,4,73,6075.0,4245.555555555556,4068.125,4108.0,3512.5,4540.185185185185,4281.186327561328,4149.4284812409815,892.8196310662554,-0.45679012345679015,-0.18881548624980793
2025-03-15,4280.909090909091,2600.0,6500.0,11,0.0,1.0,15,3,5,74,3300.0,6075.0,4245.555555555556,4060.5555555555557,3645.0,4551.969696969697,4312.665404040405,4194.850559163059,887.613558482911,0.297245179063361,0.008327187076205611
2025-03-16,3860.0,2600.0,5000.0,6,0.0,1.0,16,3,6,75,4280.909090909091,3300.0,6075.0,4582.818181818182,4111.111111111111,3813.6363636363626,4209.405663780663,4176.914051226551,892.9755877757453,-0.09832236143554896,-0.36460905349794237
2025-03-17,3914.1666666666665,2460.0,6500.0,12,0.0,1.0,17,3,0,76,3860.0,4280.909090909091,3300.0,3636.25,3982.9166666666665,4018.3585858585852,4249.108044733045,4172.003336940837,869.1046253952625,0.01403281519861821,0.18611111111111112
2025-03-18,4229.545454545455,2600.0,6750.0,11,0.0,1.0,18,3,1,77,3914.1666666666665,3860.0,4280.909090909091,4068.125,4345.0,4001.237373737373,4272.16810966811,4163.756583694084,865.6368142963668,0.08057367371823432,-0.011998301125504263
2025-03-19,3950.0,2600.0,5000.0,8,0.0,1.0,19,3,2,78,4229.545454545455,3914.1666666666665,3860.0,4245.555555555556,4001.1111111111113,4031.237373737373,4229.945887445888,4160.105790043291,874.3156958536226,-0.06609349811929077,0.023316062176165886
2025-03-20,4025.0,2600.0,5200.0,10,0.0,1.0,20,3,3,79,3950.0,4229.545454545455,3914.1666666666665,6075.0,3930.5555555555557,4068.1818181818176,3937.088744588745,4166.8518217893225,322.4873671342346,0.018987341772152,0.028315946348733245
2025-03-21,4107.222222222223,2600.0,6500.0,9,0.0,1.0,21,3,4,80,4025.0,3950.0,4229.545454545455,3300.0,4108.0,4027.4074074074065,4052.406204906205,4166.796266233766,160.19005738941166,0.02042788129744655,-0.028921129619678743
2025-03-22,4177.333333333333,2600.0,6750.0,12,0.0,1.0,22,3,5,81,4107.222222222223,4025.0,3950.0,4280.909090909091,4060.5555555555557,4103.185185185184,4037.6096681096683,4175.137536075036,138.93990482443567,0.01707020154199901,0.0575527426160336
2025-03-23,3437.5,2600.0,4550.0,4,0.0,1.0,23,3,6,82,4177.333333333333,4107.222222222223,4025.0,3860.0,4582.818181818182,3907.351851851851,3977.2525252525256,4093.3290945165945,264.23200336423633,-0.17710660708586012,-0.14596273291925466
2025-03-24,4237.5,2600.0,6750.0,10,0.0,1.0,24,3,0,83,3437.5,4177.333333333333,4107.222222222223,3914.1666666666665,3636.25,3950.777777777777,4023.4430014430013,4136.275523088023,279.20282697209814,0.23272727272727267,0.03171919383200317
2025-03-25,4083.0,2600.0,6750.0,10,0.0,1.0,25,3,1,84,4237.5,3437.5,4177.333333333333,4229.545454545455,4068.125,3919.333333333332,4002.5079365079364,4137.338023088023,266.3726048948133,-0.03646017699115045,-0.022582189594637647
2025-03-26,4218.75,2600.0,6750.0,8,0.0,1.0,26,3,2,85,4083.0,4237.5,3437.5,3950.0,4245.555555555556,4179.749999999999,4040.9007936507937,4135.423340548341,276.71033413437084,0.03324761204996318,0.2272727272727273
2025-03-27,4079.0,2600.0,6750.0,10,0.0,1.0,27,3,3,86,4218.75,4083.0,4237.5,4025.0,6075.0,4126.916666666665,4048.615079365079,3992.851911976912,276.94578198559424,-0.03312592592592589,-0.03740412979351038
2025-03-28,4031.6,2600.0,6750.0,10,0.0,1.0,28,3,4,87,4079.0,4218.75,4083.0,4107.222222222223,3300.0,4109.783333333332,4037.8119047619048,4045.109054834055,275.7509602942026,-0.011620495219416549,-0.012588782757776196
2025-03-29,4303.5,2600.0,6750.0,10,0.0,1.0,29,3,5,88,4031.6,4079.0,4218.75,4177.333333333333,4280.909090909091,4138.033333333332,4055.835714285714,4046.7226911976913,290.1383243590978,0.06744220656811195,0.020088888888888823
2025-03-30,2600.0,2600.0,2600.0,2,0.0,1.0,30,3,6,89,4303.5,4031.6,4079.0,3437.5,3860.0,3645.0333333333324,3936.192857142857,3956.7226911976913,597.4946529946048,-0.39584059486464507,-0.36258886982103455
2025-03-31,3525.0,2600.0,4975.0,5,0.0,1.0,31,3,0,90,2600.0,4303.5,4031.6,4237.5,3914.1666666666665,3476.1666666666656,3834.407142857143,3928.925072150072,598.299035062855,0.35576923076923084,-0.12565730727254687
2025-04-01,4215.0,2700.0,6500.0,13,0.0,1.0,1,4,1,91,3525.0,2600.0,4303.5,4083.0,4229.545454545455,3446.6666666666656,3853.2642857142855,3927.886111111111,609.416904859532,0.1957446808510639,-0.020564656674799564
2025-04-02,4312.0,3250.0,6750.0,10,0.0,1.0,2,4,2,92,4215.0,3525.0,2600.0,4218.75,3950.0,4017.333333333332,3866.585714285714,3953.7432539682536,619.6706394759815,0.02301304863582443,0.6584615384615384
2025-04-03,3903.125,2600.0,5000.0,8,0.0,1.0,3,4,3,93,4312.0,4215.0,3525.0,4079.0,4025.0,4143.374999999999,3841.460714285714,3945.0378968253967,613.153955629067,-0.09482258812615951,0.10726950354609932
2025-04-04,3472.5,2005.0,4450.0,8,0.0,1.0,4,4,4,94,3903.125,4312.0,4215.0,4031.6,4107.222222222223,3895.8749999999986,3761.589285714286,3899.7005952380955,620.6273150103088,-0.1103282626100881,-0.17615658362989328
2025-04-05,2600.0,2600.0,2600.0,2,0.0,1.0,5,4,5,95,3472.5,3903.125,4312.0,4303.5,4177.333333333333,3325.208333333332,3518.2321428571427,3787.0339285714285,701.442934052474,-0.25125989920806335,-0.3970315398886828
2025-04-06,4005.714285714286,2600.0,6750.0,7,0.0,1.0,6,4,6,96,2600.0,3472.5,3903.125,2600.0,3437.5,3359.404761904761,3719.048469387755,3827.6206632653057,586.5622062510625,0.5406593406593407,0.026283884250257294
2025-04-07,4195.0,2600.0,6750.0,7,0.0,1.0,7,4,0,97,4005.714285714286,2600.0,3472.5,3525.0,4237.5,3600.238095238094,3814.762755102041,3824.5849489795914,604.0250836961052,0.047253922967189776,0.20806335493160555
2025-04-08,4401.6,2600.0,6650.0,10,0.0,1.0,8,4,1,98,4195.0,4005.714285714286,2600.0,4215.0,4083.0,4200.771428571427,3841.4198979591843,3847.3420918367347,628.2637035703104,0.04924910607866506,0.692923076923077
2025-04-09,3987.3333333333335,2600.0,5000.0,9,0.0,1.0,9,4,2,99,4401.6,4195.0,4005.714285714286,4312.0,4218.75,4194.644444444443,3795.0389455782315,3830.8123299319727,599.0379003483961,-0.09411729068217622,-0.004588682834046565
2025-04-10,4274.75,2600.0,6750.0,12,0.0,1.0,10,4,3,100,3987.3333333333335,4401.6,4195.0,3903.125,4079.0,4221.227777777777,3848.1282312925173,3844.7944727891154,626.0709798807823,0.0720824276876777,0.01901072705601914
2025-04-11,3825.0,2600.0,5000.0,3,0.0,1.0,11,4,4,101,4274.75,3987.3333333333335,4401.6,3472.5,4031.6,4029.027777777777,3898.48537414966,3830.037329931973,604.6316626915556,-0.10521083104275109,-0.13099781897491825
2025-04-12,6220.833333333333,2600.0,9650.0,6,0.0,1.0,12,4,5,102,3825.0,4274.75,3987.3333333333335,2600.0,4303.5,4773.5277777777765,4415.7472789115645,3966.989710884354,819.3283138231303,0.6263616557734204,0.5601488045477343
2025-04-14,3387.5,2600.0,4850.0,4,0.0,2.0,14,4,0,104,6220.833333333333,3825.0,4274.75,4005.714285714286,2600.0,4477.7777777777765,4327.4309523809525,4023.239710884354,900.2185208186222,-0.45545880776959136,-0.20755599742675013
2025-04-15,4169.0,2600.0,6750.0,9,0.0,1.0,15,4,1,105,3387.5,6220.833333333333,3825.0,4195.0,3525.0,4592.4444444444425,4323.716666666666,4069.239710884354,900.9093692342614,0.23070110701107005,0.08993464052287581
2025-04-16,3977.777777777778,2600.0,5200.0,9,0.0,1.0,16,4,2,106,4169.0,3387.5,6220.833333333333,4401.6,4215.0,3844.7592592592578,4263.170634920634,4052.2952664399095,909.0080029861925,-0.045867647450760884,-0.3605715561509265
2025-04-17,4271.0,2600.0,6600.0,11,0.0,1.0,17,4,3,107,3977.777777777778,4169.0,3387.5,3987.3333333333335,4312.0,4139.259259259258,4303.694444444444,4049.366695011338,900.9488632362367,0.0737150837988827,0.26081180811808125
2025-04-18,4068.4285714285716,2600.0,7050.0,7,0.0,1.0,18,4,4,108,4271.0,3977.777777777778,4169.0,4274.75,3903.125,4105.735449735449,4274.219954648526,4061.174092970522,905.4174135263632,-0.047429507977388985,-0.02412363362231429
2025-04-19,4208.636363636364,2600.0,6450.0,11,0.0,1.0,19,4,5,109,4068.4285714285716,4271.0,3977.777777777778,3825.0,3472.5,4182.688311688311,4329.025149453721,4113.755261801691,885.0764119943541,0.0344623949385352,0.05803707465718655
2025-04-20,3685.0,2600.0,5000.0,4,0.0,1.0,20,4,6,110,4208.636363636364,4068.4285714285716,4271.0,6220.833333333333,2600.0,3987.3549783549774,3966.7632446918165,4191.255261801691,320.768843420445,-0.1244194837455449,-0.1372044017794427
2025-04-21,3736.875,2600.0,4500.0,8,0.0,1.0,21,4,0,111,3685.0,4208.636363636364,4068.4285714285716,3387.5,4005.714285714286,3876.83712121212,4016.6739589775307,4172.052455679242,229.9351531949688,0.014077340569877972,-0.08149425892763096
2025-04-22,3802.777777777778,2600.0,5200.0,9,0.0,1.0,22,4,1,112,3736.875,3685.0,4208.636363636364,4169.0,4195.0,3741.5509259259247,3964.35649866007,4144.036582663369,231.15996806992658,0.01763579937187565,-0.09643470017160483
2025-04-23,3966.875,2600.0,6600.0,8,0.0,1.0,23,4,2,113,3802.777777777778,3736.875,3685.0,3977.777777777778,4401.6,3835.5092592592578,3962.7989589775307,4112.984796949083,231.09118533432564,0.043151935719503376,0.07649253731343286
2025-04-24,4120.5,2600.0,6750.0,12,0.0,1.0,24,4,3,114,3966.875,3802.777777777778,3736.875,4271.0,3987.3333333333335,3963.3842592592578,3941.2989589775307,4122.4967017109875,202.922317766996,0.03872695761777223,0.10265930757651787
2025-04-25,4083.5,2600.0,6750.0,10,0.0,1.0,25,4,4,115,4120.5,3966.875,3802.777777777778,4068.4285714285716,4274.75,4056.958333333332,3943.4520202020203,4108.835987425273,204.56928340827287,-0.00897949278000243,0.07382030679327967
2025-04-26,4380.454545454545,2600.0,7000.0,11,0.0,1.0,26,4,5,116,4083.5,4120.5,3966.875,4208.636363636364,3825.0,4194.81818181818,3967.997474747475,4148.511312100598,247.4950053326076,0.07272059396462471,0.10425827520517905
2025-04-27,3093.3333333333335,2600.0,4080.0,3,0.0,1.0,27,4,6,117,4380.454545454545,4083.5,4120.5,3685.0,6220.833333333333,3852.4292929292915,3883.473665223665,3925.118454957741,408.75064422271197,-0.29383279720521593,-0.24928204505925655
2025-04-28,3864.5,1800.0,6750.0,10,0.0,1.0,28,4,0,118,3093.3333333333335,4380.454545454545,4083.5,3736.875,3387.5,3779.4292929292915,3901.7058080808083,3959.1898835291695,403.93986536971255,0.24929956896551708,-0.05363046406269134
2025-04-29,3753.125,2600.0,5200.0,8,0.0,1.0,29,4,1,119,3864.5,3093.3333333333335,4380.454545454545,3802.777777777778,4169.0,3570.3194444444434,3894.6125541125543,3929.4845263863126,406.39508498436805,-0.0288200284642256,-0.14321106153367225
2025-04-30,3644.714285714286,2600.0,5200.0,7,0.0,1.0,30,4,2,120,3753.125,3864.5,3093.3333333333335,3966.875,3977.777777777778,3754.113095238094,3848.589594928881,3905.6942769532056,414.9984507311187,-0.02888545259902464,0.17824815270935956
2025-05-01,3220.0,280.0,6100.0,4,0.0,1.0,1,5,3,121,3644.714285714286,3753.125,3864.5,4120.5,4271.0,3539.279761904761,3719.9467377860233,3830.6228483817767,454.3656754687685,-0.11652882844040291,-0.16677448570319575
2025-05-02,4541.111111111111,3250.0,8000.0,9,0.0,1.0,2,5,4,122,3220.0,3644.714285714286,3753.125,4083.5,4068.4285714285716,3801.9417989417975,3785.3197536590387,3864.3858869305295,540.2026683549374,0.4102829537612147,0.2099546674067907
2025-05-03,3811.875,2600.0,4800.0,8,0.0,1.0,3,5,5,123,4541.111111111111,3220.0,3644.714285714286,4380.454545454545,4208.636363636364,3857.662037037036,3704.09410430839,3836.0457895279324,474.56121054128744,-0.1605853927085883,0.04586387331948427
2025-05-04,3968.4,2600.0,5000.0,10,0.0,1.0,4,5,6,124,3811.875,4541.111111111111,3220.0,3093.3333333333335,3685.0,4107.128703703703,3829.103628117914,3856.2886466707896,395.5349279006398,0.04106246925725521,0.2324223602484472
2025-05-05,4212.0,2600.0,6750.0,10,0.0,1.0,5,5,0,125,3968.4,3811.875,4541.111111111111,3864.5,3736.875,3997.424999999999,3878.746485260771,3890.2261466707896,421.66201131891825,0.061384941034170026,-0.07247369708832885
2025-05-06,4129.9,2600.0,6750.0,10,0.0,1.0,6,5,1,126,4212.0,3968.4,3811.875,3753.125,3802.777777777778,4103.433333333332,3932.5714852607707,3913.5920196866623,426.9680953671753,-0.019491927825261213,0.08343007050336104
2025-05-07,4269.181818181818,2600.0,6750.0,11,0.0,1.0,7,5,2,127,4129.9,4212.0,3968.4,3644.714285714286,3966.875,4203.693939393938,4021.7811327561326,3935.1853638425064,422.0084413104369,0.033725227773509836,0.07579422895419263
2025-05-08,4287.5,2600.0,6750.0,10,0.0,1.0,8,5,3,128,4269.181818181818,4129.9,4212.0,3220.0,4120.5,4228.860606060604,4174.281132756133,3947.113935271078,235.76348628418728,0.004290794489044236,0.017924976258309577
2025-05-09,3400.0,2600.0,5000.0,6,0.0,1.0,9,5,4,129,4287.5,4269.181818181818,4129.9,4541.111111111111,4083.5,3985.5606060606046,4011.26525974026,3898.2925066996495,319.48770042198254,-0.20699708454810495,-0.17673551417709865
2025-05-10,3561.25,2600.0,4545.0,4,0.0,1.0,10,5,5,130,3400.0,4287.5,4269.181818181818,3811.875,4380.454545454545,3749.583333333332,3975.4616883116882,3839.777896310039,357.355642779029,0.04742647058823524,-0.1658237686591001
2025-05-12,4500.0,4500.0,4500.0,1,0.0,2.0,12,5,0,132,3561.25,3400.0,4287.5,3968.4,3093.3333333333335,3820.4166666666656,4051.4045454545453,3940.2540867862294,408.43964929267685,0.2636012636012637,0.04956268221574334
2025-05-13,4000.125,2600.0,5200.0,8,0.0,1.0,13,5,1,133,4500.0,3561.25,3400.0,4212.0,3864.5,4020.458333333332,4021.1366883116884,3949.9415867862294,402.360404822834,-0.11108333333333331,0.17650735294117648
2025-05-15,4286.363636363636,2600.0,6750.0,11,0.0,2.0,15,5,3,135,4000.125,4500.0,3561.25,4129.9,3753.125,4262.162878787877,4043.488636363636,3988.030060812203,413.5984326909965,0.07155742292144263,0.2036121127030217
2025-05-16,4013.3333333333335,2600.0,6750.0,9,0.0,1.0,16,5,4,136,4286.363636363636,4000.125,4500.0,4269.181818181818,3644.714285714286,4099.940656565655,4006.9388528138525,4014.3599927849928,401.4562459317276,-0.06369741958289132,-0.1081481481481481
2025-05-17,4254.545454545455,2600.0,6750.0,11,0.0,1.0,17,5,5,137,4013.3333333333335,4286.363636363636,4000.125,4287.5,3220.0,4184.7474747474735,4002.2310606060605,4088.2560966810966,397.7943424149254,0.060102688009664895,0.06360312603867513
2025-05-18,3550.0,2600.0,4500.0,4,0.0,1.0,18,5,6,138,4254.545454545455,4013.3333333333335,4286.363636363636,3400.0,4541.111111111111,3939.292929292928,4023.659632034632,4017.462445887446,362.4128468215574,-0.16559829059829068,-0.17179215270413573
2025-05-19,4246.0,2600.0,6750.0,10,0.0,1.0,19,5,0,139,3550.0,4254.545454545455,4013.3333333333335,3561.25,3811.875,4016.8484848484836,4121.481060606061,4048.4713744588744,304.600223643527,0.19605633802816902,0.05797342192691035
2025-05-20,4192.272727272727,2600.0,6750.0,11,0.0,1.0,20,5,1,140,4246.0,3550.0,4254.545454545455,4500.0,3968.4,3996.090909090908,4077.5200216450216,4064.4622835497835,259.7738245172498,-0.012653620519847641,-0.014636752136752307
2025-05-21,3981.0,2200.0,6500.0,10,0.0,1.0,21,5,2,141,4192.272727272727,4246.0,3550.0,4000.125,4212.0,4139.757575757575,4074.787878787879,4047.9622835497835,260.82194194401814,-0.05039574975604466,0.12140845070422546
2025-05-22,4064.5833333333335,2000.0,6750.0,12,0.0,1.0,22,5,3,142,3981.0,4192.272727272727,4246.0,4286.363636363636,4129.9,4079.285353535352,4043.1049783549784,4043.2968073593074,243.7490857049461,0.02099556225404009,-0.04272648767467413
2025-05-23,4127.625,2600.0,6750.0,8,0.0,1.0,23,5,4,143,4064.5833333333335,3981.0,4192.272727272727,4013.3333333333335,4269.181818181818,4057.7361111111095,4059.4323593073595,4033.1856060606056,245.24576120095463,0.015509994874423283,-0.015420687411904943
2025-05-24,4181.5,2600.0,6500.0,10,0.0,1.0,24,5,5,144,4127.625,4064.5833333333335,3981.0,4254.545454545455,4287.5,4124.5694444444425,4048.997294372294,4025.614177489177,236.9747016145036,0.01305230005148239,0.05036423009294144
2025-05-25,3268.3333333333335,2600.0,4605.0,3,0.0,1.0,25,5,6,145,4181.5,4127.625,4064.5833333333335,3550.0,3400.0,3859.152777777776,4008.7591991341988,4016.2094155844156,338.14352114330035,-0.21838255809318818,-0.1958995386981035
2025-05-26,4203.888888888889,2600.0,6750.0,9,0.0,1.0,26,5,0,146,3268.3333333333335,4181.5,4127.625,4246.0,3561.25,3884.5740740740725,4002.743326118326,4062.1121933621935,333.56291472485634,0.28624851266360696,0.01847645774237927
2025-05-27,4113.0,2600.0,6650.0,10,0.0,1.0,27,5,1,147,4203.888888888889,3268.3333333333335,4181.5,4192.272727272727,4500.0,3861.740740740739,3991.4186507936506,4034.469336219336,327.34352771298467,-0.02162019294304207,-0.016381681214875043
2025-05-28,4215.555555555556,2600.0,6750.0,9,0.0,1.0,28,5,2,148,4113.0,4203.888888888889,3268.3333333333335,3981.0,4000.125,4177.481481481479,4024.926587301587,4049.8572330447328,337.9329425448776,0.02493448955885147,0.2898181200067993
2025-05-29,4480.5,2600.0,7300.0,12,0.0,1.0,29,5,3,149,4215.555555555556,4113.0,4203.888888888889,4064.5833333333335,4286.363636363636,4269.685185185183,4084.343253968254,4063.724116161616,380.0118719306993,0.0628492356352135,0.06579886348619013
2025-05-30,4128.333333333333,2600.0,6750.0,9,0.0,1.0,30,5,4,150,4480.5,4215.555555555556,4113.0,4127.625,4013.3333333333335,4274.796296296295,4084.4444444444443,4071.938401875902,380.0254120266273,-0.07859985864672847,0.0037280168571196537
2025-05-31,4228.181818181818,2600.0,6750.0,11,0.0,1.0,31,5,5,151,4128.333333333333,4480.5,4215.555555555556,4181.5,4254.545454545455,4279.0050505050485,4091.1132756132756,4070.055284992785,382.4145266802893,0.024186148933827534,0.002995159821727933
2025-06-01,3923.2,2000.0,6600.0,15,0.0,1.0,1,6,6,152,4228.181818181818,4128.333333333333,4480.5,3268.3333333333335,3550.0,4093.2383838383817,4184.665656565657,4096.712427849928,167.03738111205232,-0.07213072457536018,-0.1243834393482871
2025-06-02,4076.818181818182,2000.0,6750.0,11,0.0,1.0,2,6,0,153,3923.2,4228.181818181818,4128.333333333333,4203.888888888889,4246.0,4076.0666666666643,4166.512698412698,4084.628012265512,171.446666174047,0.03915634732314999,-0.012478437993173497
2025-06-03,4200.0,2600.0,6500.0,11,0.0,1.0,3,6,1,154,4076.818181818182,3923.2,4228.181818181818,4113.0,4192.272727272727,4066.6727272727258,4178.94126984127,4085.17996031746,170.06874140332962,0.030215185639424602,-0.0066652332831648176
2025-06-04,3750.25,2600.0,5000.0,4,0.0,1.0,4,6,2,155,4200.0,4076.818181818182,3923.2,4215.555555555556,3981.0,4009.0227272727257,4112.469047619047,4068.6978174603173,232.753791750247,-0.10708333333333331,-0.04408391109298526
2025-06-05,4155.0,2600.0,6750.0,9,0.0,1.0,5,6,3,156,3750.25,4200.0,4076.818181818182,4480.5,4064.5833333333335,4035.0833333333317,4065.9690476190476,4075.1561507936503,171.4022148071135,0.10792613825744946,0.019177165793287987
2025-06-06,3991.875,2600.0,6750.0,8,0.0,1.0,6,6,4,157,4155.0,3750.25,4200.0,4128.333333333333,4127.625,3965.7083333333317,4046.4749999999995,4065.459722222222,170.88632379284954,-0.03925992779783394,-0.04955357142857142
2025-06-07,3918.0,2600.0,5275.0,5,0.0,1.0,7,6,5,158,3991.875,4155.0,3750.25,4228.181818181818,4181.5,4021.624999999998,4002.1633116883118,4046.6382936507935,155.43304655092976,-0.018506341005166793,0.04473035130991265
2025-06-08,4185.0,2600.0,6750.0,8,0.0,1.0,8,6,6,159,3918.0,3991.875,4155.0,3923.2,3268.3333333333335,4031.624999999998,4039.5633116883114,4112.114484126984,164.49889653156836,0.06814701378254218,0.0072202166064982976
2025-06-09,3836.6666666666665,2600.0,5200.0,9,0.0,1.0,9,6,0,160,4185.0,3918.0,3991.875,4076.818181818182,4203.888888888889,3979.888888888887,4005.2559523809527,4085.8843253968253,179.76812873567494,-0.08323377140581445,-0.03888106048744855
2025-06-10,4144.090909090909,2600.0,6750.0,11,0.0,1.0,10,6,1,161,3836.6666666666665,4185.0,3918.0,4200.0,4113.0,4055.2525252525234,3997.2689393939395,4088.1051046176044,170.68627905272078,0.08012795197851674,0.057705693999721586
2025-06-12,4508.75,2600.0,6425.0,8,0.0,2.0,12,6,3,163,4144.090909090909,3836.6666666666665,4185.0,3750.25,4215.555555555556,4163.16919191919,4105.626082251082,4109.047564935065,221.0612514000865,0.08799495448064065,0.07735961768219823
2025-06-13,4063.3333333333335,2600.0,6800.0,9,0.0,1.0,13,6,4,164,4508.75,4144.090909090909,3836.6666666666665,4155.0,4480.5,4238.724747474746,4092.530844155844,4079.249945887446,220.3629420052213,-0.09878939099898343,0.05907906168549104
2025-06-14,4462.363636363636,2600.0,7900.0,11,0.0,1.0,14,6,5,165,4063.3333333333335,4508.75,4144.090909090909,3991.875,4128.333333333333,4344.8156565656545,4159.743506493506,4103.109253246753,253.76526510243374,0.09820269967931972,0.07680157946692989
2025-06-15,3520.0,2600.0,5000.0,5,0.0,1.0,15,6,6,166,4462.363636363636,4063.3333333333335,4508.75,3918.0,4228.181818181818,4015.2323232323215,4102.886363636363,4052.5248376623376,345.10470559593386,-0.2111803772969889,-0.21929581369559192
2025-06-16,4189.6,2600.0,6750.0,10,0.0,1.0,16,6,0,167,3520.0,4462.363636363636,4063.3333333333335,4185.0,3923.2,4057.3212121212105,4103.543506493506,4071.553409090909,345.2914540751865,0.1902272727272729,0.03107465135356846
2025-06-17,4270.0,2600.0,6750.0,10,0.0,1.0,17,6,1,168,4189.6,3520.0,4462.363636363636,3836.6666666666665,4076.818181818182,3993.1999999999985,4165.448268398269,4085.3521103896105,327.8760561841576,0.01919037616956265,-0.04310801450515411
2025-06-18,4008.8888888888887,2600.0,6750.0,9,0.0,1.0,18,6,2,169,4270.0,4189.6,3520.0,4144.090909090909,4200.0,4156.1629629629615,4146.133694083694,4071.701316738817,333.2815582362673,-0.061150143117356226,0.13888888888888884
2025-06-19,4034.9166666666665,2000.0,6750.0,12,0.0,1.0,19,6,3,170,4008.8888888888887,4270.0,4189.6,4508.75,3750.25,4104.6018518518495,4078.443217893218,4092.0346500721503,293.0484090456735,0.006492516629711842,-0.03692078798294196
2025-06-20,4145.625,2600.0,6750.0,8,0.0,1.0,20,6,4,171,4034.9166666666665,4008.8888888888887,4270.0,4063.3333333333335,4155.0,4063.1435185185164,4090.1991702741702,4091.365007215007,293.9903305059965,0.027437576158119814,-0.029127634660421564
2025-06-21,4010.4166666666665,2600.0,6750.0,12,0.0,1.0,21,6,5,172,4145.625,4034.9166666666665,4008.8888888888887,4462.363636363636,3991.875,4063.6527777777756,4025.6353174603173,4092.689411976912,244.01547321744118,-0.032614704256495375,0.00038109756097570724
2025-06-22,3150.0,2600.0,3900.0,4,0.0,1.0,22,6,6,173,4010.4166666666665,4145.625,4034.9166666666665,3520.0,3918.0,3768.6805555555534,3972.778174603175,4037.832269119769,376.11485370842985,-0.21454545454545448,-0.21931473182015326
2025-06-23,3894.0,2000.0,6750.0,10,0.0,1.0,23,6,0,174,3150.0,4010.4166666666665,4145.625,4189.6,4185.0,3684.8055555555534,3930.5496031746034,4017.046554834055,364.11670065877496,0.23619047619047628,-0.06069651741293536
2025-06-24,3706.5,2000.0,6750.0,10,0.0,1.0,24,6,1,175,3894.0,3150.0,4010.4166666666665,4270.0,3836.6666666666665,3583.499999999998,3850.0496031746034,4007.748935786436,337.90919218274394,-0.04815100154083207,-0.07578181818181817
2025-06-25,4222.857142857143,2600.0,6700.0,7,0.0,1.0,25,6,2,176,3706.5,3894.0,3150.0,4008.8888888888887,4144.090909090909,3941.119047619046,3880.6164965986395,4013.3750953411663,363.3893529701344,0.13931124857875177,0.3405895691609979
2025-06-26,4066.818181818182,2600.0,6700.0,11,0.0,1.0,26,6,3,177,4222.857142857143,3706.5,3894.0,4034.9166666666665,4508.75,3998.7251082251064,3885.173855905999,3981.808536899608,365.83877813888154,-0.03695103948825196,0.0443806322080591
2025-06-27,4127.222222222223,2600.0,6750.0,9,0.0,1.0,27,6,4,178,4066.818181818182,4222.857142857143,3706.5,4145.625,4063.3333333333335,4138.965848965848,3882.5448876520304,3986.3720289631005,363.7151592475479,0.014852899171665213,0.11350930047813912
2025-06-28,4159.666666666667,2600.0,6700.0,12,0.0,1.0,28,6,5,179,4127.222222222223,4066.818181818182,4222.857142857143,4010.4166666666665,4462.363636363636,4117.902356902356,3903.866316223459,3964.7508168418885,376.60663999288846,0.007861084937407448,-0.014963915200721711
2025-06-29,3816.8333333333335,2600.0,5201.0,6,0.0,1.0,29,6,6,180,4159.666666666667,4127.222222222223,4066.818181818182,3150.0,3520.0,4034.5740740740725,3999.128220985364,3985.9531977942693,194.39301753696537,-0.08241846301787004,-0.06146939383778549
2025-06-30,4149.0,2600.0,6700.0,10,0.0,1.0,30,6,0,181,3816.8333333333335,4159.666666666667,4127.222222222223,3894.0,4189.6,4041.8333333333317,4035.5567924139355,3983.0531977942696,195.29985201647457,0.0870267673900702,0.0052766186566157725
2025-07-01,4227.5,3250.0,6000.0,8,0.0,1.0,1,7,1,182,4149.0,3816.8333333333335,4159.666666666667,3706.5,4270.0,4064.444444444443,4109.985363842507,3980.0174835085554,140.6169322286239,0.018920221740178267,0.016307396425995657
2025-07-02,3733.1,2226.0,6500.0,10,0.0,1.0,2,7,2,183,4227.5,4149.0,3816.8333333333335,4222.857142857143,4008.8888888888887,4036.533333333331,4040.020057720058,3960.318277159349,188.71285962693398,-0.11694855115316383,-0.02193790664163142
2025-07-03,4225.625,2600.0,6500.0,8,0.0,1.0,3,7,3,184,3733.1,4227.5,4149.0,4066.818181818182,4034.9166666666665,4062.0749999999975,4062.706746031746,3973.940300968872,201.57856809407676,0.13193458519728907,0.01846830561581103
2025-07-04,4006.222222222222,2600.0,5500.0,9,0.0,1.0,4,7,4,185,4225.625,3733.1,4227.5,4127.222222222223,4145.625,3988.3157407407384,4045.4210317460315,3963.982959699031,200.30817840787356,-0.051921970780127835,-0.052342466653525266
2025-07-05,4276.875,2600.0,6750.0,8,0.0,1.0,5,7,5,186,4006.222222222222,4225.625,3733.1,4159.666666666667,4010.4166666666665,4169.574074074072,4062.1650793650797,3983.015697794269,215.75315000786227,0.06755810406035057,0.1456631218022555
2025-07-06,4530.833333333333,2600.0,9050.0,6,0.0,1.0,6,7,6,187,4276.875,4006.222222222222,4225.625,3816.8333333333335,3150.0,4271.3101851851825,4164.165079365079,4081.6466501752216,246.9584300702446,0.05937941448682338,0.07222797416555737
2025-07-07,4260.0,2600.0,6750.0,9,0.0,1.0,7,7,0,188,4530.833333333333,4276.875,4006.222222222222,4149.0,3894.0,4355.902777777775,4180.022222222222,4107.789507318079,249.3742190030775,-0.059775611550487384,0.0633459063678723
2025-07-08,4140.0,2600.0,6750.0,10,0.0,1.0,8,7,1,189,4260.0,4530.833333333333,4276.875,4227.5,3706.5,4310.277777777775,4167.522222222222,4138.753793032364,248.79003714955368,-0.028169014084507005,-0.032003507233669404
2025-07-09,3425.0,2600.0,4125.0,5,0.0,1.0,9,7,2,190,4140.0,4260.0,4530.833333333333,3733.1,4222.857142857143,3941.6666666666642,4123.507936507936,4081.7639971139974,346.51471287042034,-0.17270531400966183,-0.2440684200846054
2025-07-10,4070.5555555555557,2600.0,6250.0,9,0.0,1.0,10,7,3,191,3425.0,4140.0,4260.0,4225.625,4066.818181818182,3878.518518518516,4101.355158730158,4082.0309523809524,343.84480958309314,0.18848337388483372,-0.044470526864893056
2025-07-13,3520.0,2600.0,4600.0,5,0.0,3.0,13,7,6,194,4070.5555555555557,3425.0,4140.0,4006.222222222222,4127.222222222223,3671.851851851849,4031.8948412698414,4038.6579365079365,409.1710957381051,-0.13525317319503205,-0.1497584541062802
2025-07-14,3914.375,2600.0,5000.0,8,0.0,1.0,14,7,0,195,3520.0,4070.5555555555557,3425.0,4276.875,4159.666666666667,3834.976851851849,3980.109126984127,4021.137103174603,395.71648668737424,0.11203835227272729,0.1428832116788321
2025-07-15,4092.222222222222,2600.0,6700.0,9,0.0,1.0,15,7,1,196,3914.375,3520.0,4070.5555555555557,4530.833333333333,3816.8333333333335,3842.1990740740716,3917.4503968253966,4040.807738095238,321.80185581253886,0.045434385367324914,0.005322778763477531
2025-07-16,4177.777777777777,2600.0,6750.0,9,0.0,1.0,16,7,2,197,4092.222222222222,3914.375,3520.0,4260.0,4149.0,4061.4583333333308,3905.704365079365,4042.8632936507934,308.43771284554913,0.020906869399945682,0.18686868686868685
2025-07-17,4160.444444444444,2600.0,6750.0,9,0.0,1.0,17,7,3,198,4177.777777777777,4092.222222222222,3914.375,4140.0,4227.5,4143.481481481479,3908.625,4038.073611111111,311.11125795714054,-0.004148936170212725,0.0628630226905813
2025-07-18,4087.5,2600.0,6750.0,8,0.0,1.0,18,7,4,199,4160.444444444444,4177.777777777777,4092.222222222222,3425.0,3733.1,4141.907407407405,4003.2678571428573,4063.3878968253966,229.5443025899011,-0.017532849054588184,-0.0011539505837632191
2025-07-19,4260.545454545455,2600.0,6750.0,11,0.0,1.0,19,7,5,200,4087.5,4160.444444444444,4177.777777777777,4070.5555555555557,4225.625,4169.496632996631,4030.4092712842717,4065.882215007215,249.21578813861603,0.04233527939949977,0.019811411992263217
2025-07-20,3640.8333333333335,2600.0,5000.0,6,0.0,1.0,20,7,6,201,4260.545454545455,4087.5,4160.444444444444,3520.0,4006.222222222222,3996.2929292929275,4047.6711760461762,4039.7830086580093,208.89272688418257,-0.14545370488911658,-0.12489317380621723
2025-07-21,4303.0,2600.0,6750.0,11,0.0,1.0,21,7,0,202,3640.8333333333335,4260.545454545455,4087.5,3914.375,4276.875,4068.12626262626,4103.189033189033,4041.6490800865804,218.96207382087323,0.18187228198672467,0.05272171253822622
2025-07-22,4195.5,2600.0,6750.0,10,0.0,1.0,22,7,1,203,4303.0,3640.8333333333335,4260.545454545455,4092.222222222222,4530.833333333333,4046.444444444442,4117.943001443002,4017.696699134199,221.56399573176193,-0.024982570299790896,-0.015266931250800253
2025-07-23,4239.375,2600.0,6750.0,8,0.0,1.0,23,7,2,204,4195.5,4303.0,3640.8333333333335,4177.777777777777,4260.0,4245.958333333331,4126.742604617604,4016.223484848485,225.52424996366662,0.010457633178405423,0.16439688715953293
2025-07-24,4209.5,2600.0,6750.0,10,0.0,1.0,24,7,3,205,4239.375,4195.5,4303.0,4160.444444444444,4140.0,4214.791666666664,4133.7505411255415,4021.1877705627708,227.4995671036598,-0.007047029338051014,-0.021729026260748352
2025-07-25,4135.571428571428,2600.0,6750.0,7,0.0,1.0,25,7,4,206,4209.5,4239.375,4195.5,4087.5,3425.0,4194.815476190473,4140.617888064317,4071.942872603587,226.59449761374708,-0.017562316528939692,-0.014284011781330319
2025-07-26,4663.333333333333,3950.0,5500.0,3,0.0,1.0,26,7,5,207,4135.571428571428,4209.5,4239.375,4260.545454545455,4070.5555555555557,4336.134920634918,4198.159013605442,4114.284142444857,301.0377456161385,0.12761523138392805,0.10000491424640034
2025-07-27,3662.5,2600.0,5000.0,4,0.0,1.0,27,7,6,208,4663.333333333333,4135.571428571428,4209.5,3640.8333333333335,3520.0,4153.801587301585,4201.2542517006805,4124.462713873429,294.39031550754873,-0.21461758398856323,-0.12994417389238622
2025-07-28,4381.666666666667,2600.0,6750.0,9,0.0,1.0,28,7,0,209,3662.5,4663.333333333333,4135.571428571428,4303.0,3914.375,4235.833333333331,4212.492346938776,4157.840690063905,300.36264910732285,0.19635949943117192,0.05950694900226838
2025-07-29,3876.6666666666665,2600.0,6750.0,6,0.0,1.0,29,7,1,210,4381.666666666667,3662.5,4663.333333333333,4195.5,4092.222222222222,3973.611111111109,4166.944727891156,4142.443864667079,326.4134327153215,-0.11525294788893126,-0.1686919228020014
2025-07-30,3840.3333333333335,2180.0,6750.0,9,0.0,1.0,30,7,2,211,3876.6666666666665,4381.666666666667,3662.5,4239.375,4177.777777777777,4032.888888888887,4109.938775510204,4118.340690063905,345.91797747231556,-0.009372312983662812,0.04855517633674644
2025-07-31,4396.25,2600.0,6750.0,8,0.0,1.0,31,7,3,212,3840.3333333333335,3876.6666666666665,4381.666666666667,4209.5,4160.444444444444,4037.7499999999977,4136.617346938775,4135.183944032158,361.7169564415154,0.14475739953129074,0.003328261696462498
2025-08-01,4141.25,3250.0,5300.0,8,0.0,1.0,1,8,4,213,4396.25,3840.3333333333335,3876.6666666666665,4135.571428571428,4087.5,4125.9444444444425,4137.428571428572,4139.0232297464445,361.72058746976313,-0.05800398066533974,0.0682502149613069
2025-08-02,3937.8571428571427,3050.0,4850.0,7,0.0,1.0,2,8,5,214,4141.25,4396.25,3840.3333333333335,4663.333333333333,4260.545454545455,4158.452380952379,4033.7891156462583,4115.974064625851,280.8070747389796,-0.04911388038463205,0.025394621002641005
2025-08-03,4180.0,2600.0,6650.0,11,0.0,1.0,3,8,6,215,3937.8571428571427,4141.25,4396.25,3662.5,3640.8333333333335,4086.3690476190454,4107.71768707483,4154.485969387754,230.35467542198833,0.061491021222565,-0.04918965027011657
2025-08-04,3960.0,2600.0,5200.0,9,0.0,1.0,4,8,0,216,4180.0,3937.8571428571427,4141.25,4381.666666666667,4303.0,4025.9523809523785,4047.4795918367345,4129.985969387754,199.89652896875847,-0.052631578947368474,-0.043766978569272585
2025-08-05,4011.1111111111113,2600.0,5250.0,9,0.0,1.0,5,8,1,217,3960.0,4180.0,3937.8571428571427,3876.6666666666665,4195.5,4050.370370370368,4066.6859410430843,4116.81533446712,186.77756726421418,0.01290684624017957,0.01860249511256229
2025-08-06,3674.8,2600.0,4500.0,5,0.0,1.0,6,8,2,218,4011.1111111111113,3960.0,4180.0,3840.3333333333335,4239.375,3881.9703703703685,4043.0383219954647,4076.488548752834,226.4728741529902,-0.0838448753462604,-0.12086124401913867
2025-08-07,4061.875,2600.0,5410.0,8,0.0,1.0,7,8,3,219,3674.8,4011.1111111111113,3960.0,4396.25,4209.5,3915.9287037037016,3995.270464852608,4065.9439058956914,167.014834715372,0.10533226298029819,0.025726010101010166
2025-08-08,4022.1428571428573,2600.0,6750.0,7,0.0,1.0,8,8,4,220,4061.875,3674.8,4011.1111111111113,4141.25,4135.571428571428,3919.6059523809504,3978.255158730158,4057.841865079365,155.32180914608918,-0.009781724660936852,0.0027502967946180235
2025-08-09,4034.5454545454545,2000.0,6750.0,11,0.0,1.0,9,8,5,221,4022.1428571428573,4061.875,3674.8,3937.8571428571427,4663.333333333333,4039.521103896101,3992.067774685632,4012.9284451659455,155.42965481649514,0.0030835795353643114,0.09789524723670784
2025-08-10,4291.5,2600.0,6350.0,10,0.0,1.0,10,8,6,222,4034.5454545454545,4022.1428571428573,4061.875,4180.0,3662.5,4116.062770562768,4007.9963461142033,4057.857016594517,181.43656655934808,0.06368859846777819,0.05653177411909516
2025-08-12,5237.5,2600.0,9700.0,4,0.0,2.0,12,8,1,224,4291.5,4034.5454545454545,4022.1428571428573,3960.0,4381.666666666667,4521.181818181816,4190.496346114203,4118.987968975469,495.60521953588733,0.22043574507747876,0.30216657787249157
2025-08-13,4419.8,2600.0,7000.0,10,0.0,1.0,13,8,2,225,5237.5,4291.5,4034.5454545454545,4011.1111111111113,3876.6666666666665,4649.599999999998,4248.88047309833,4157.783207070707,495.02312419887124,-0.1561241050119332,0.09548895899053633
2025-08-14,3803.0,2600.0,5200.0,10,0.0,1.0,14,8,3,226,4419.8,5237.5,4291.5,3674.8,3840.3333333333335,4486.766666666664,4267.194758812616,4155.11654040404,472.0841161309222,-0.1395538259649758,-0.11382966328789468
2025-08-15,3281.25,2600.0,4125.0,4,0.0,1.0,15,8,4,227,3803.0,4419.8,5237.5,4061.875,4396.25,3834.6833333333307,4155.676901669759,4075.473683261183,602.7793561298266,-0.13719432027346834,-0.3735083532219571
2025-08-16,4479.5,2600.0,6750.0,10,0.0,1.0,16,8,5,228,3281.25,3803.0,4419.8,4022.1428571428573,4141.25,3854.5833333333308,4221.013636363637,4099.634397546897,610.628849181865,0.3651809523809524,0.013507398524820191
2025-08-17,3725.0,2600.0,5000.0,4,0.0,1.0,17,8,6,229,4479.5,3281.25,3803.0,4034.5454545454545,3937.8571428571427,3828.5833333333308,4176.792857142857,4084.430315914244,637.0212388064282,-0.1684339770063623,-0.02051012358664217
2025-08-18,3942.5,2365.0,6750.0,10,0.0,1.0,18,8,0,230,3725.0,4479.5,3281.25,4291.5,4180.0,4048.9999999999977,4126.935714285714,4067.466030199959,640.1967957291761,0.05838926174496639,0.20152380952380944
2025-08-19,4202.727272727273,2600.0,6750.0,11,0.0,1.0,19,8,1,231,3942.5,3725.0,4479.5,5237.5,3960.0,3956.7424242424217,3979.1110389610394,4084.8036925376214,423.97680926249063,0.06600564939182574,-0.06178652244061322
2025-08-20,3891.875,2600.0,5200.0,8,0.0,1.0,20,8,2,232,4202.727272727273,3942.5,3725.0,4419.8,4011.1111111111113,4012.3674242424217,3903.6931818181815,4076.2868274582556,376.8568257385197,-0.07396441704520884,0.04479865771812075
2025-08-21,3902.2727272727275,2000.0,6750.0,11,0.0,1.0,21,8,3,233,3891.875,4202.727272727273,3942.5,3803.0,3674.8,3998.9583333333308,3917.875,4092.534879406308,374.29521229731006,0.0026716498532783906,-0.010203493399435049
2025-08-22,4146.25,2600.0,6750.0,8,0.0,1.0,22,8,4,234,3902.2727272727275,3891.875,4202.727272727273,3281.25,4061.875,3980.1325757575737,4041.4464285714284,4098.561665120594,251.84515744727435,0.06252184041933595,-0.013438243564784846
2025-08-23,4307.222222222223,2600.0,6750.0,9,0.0,1.0,23,8,5,235,4146.25,3902.2727272727275,3891.875,4479.5,4022.1428571428573,4118.581649831648,4016.835317460318,4118.924476911977,206.18025830826255,0.038823568820554044,0.10672162446692735
2025-08-24,3512.5,2600.0,4850.0,4,0.0,1.0,24,8,6,236,4307.222222222223,4146.25,3902.2727272727275,3725.0,4034.5454545454545,3988.657407407405,3986.4781746031754,4081.6355158730157,263.8803897475335,-0.18450922223655364,-0.0998835177635411
2025-08-25,4041.0,2000.0,6750.0,10,0.0,1.0,25,8,0,237,3512.5,4307.222222222223,4146.25,3942.5,4291.5,3953.5740740740716,4000.549603174604,4063.742658730159,263.7706309304706,0.1504626334519572,-0.025384383479047368
2025-08-26,4200.625,2600.0,6750.0,8,0.0,1.0,26,8,1,238,4041.0,3512.5,4307.222222222223,4202.727272727273,5237.5,3918.0416666666642,4000.249278499279,3989.680158730159,263.5031300995203,0.039501361049245176,-0.02474848445762945
2025-08-27,3190.0,2600.0,4550.0,5,0.0,1.0,27,8,2,239,4200.625,4041.0,3512.5,3891.875,4419.8,3810.5416666666642,3899.981421356422,3901.8373015873017,406.4043151570613,-0.24058919803600654,-0.09181494661921707
2025-08-28,4236.25,2600.0,6750.0,8,0.0,1.0,28,8,3,240,3190.0,4200.625,4041.0,3902.2727272727275,3803.0,3875.6249999999977,3947.6924603174607,3932.7837301587306,425.8567263956784,0.3279780564263324,0.04831724820588956
2025-08-29,3764.0,2200.0,6750.0,10,0.0,1.0,29,8,4,241,4236.25,3190.0,4200.625,4146.25,3281.25,3730.0833333333308,3893.085317460318,3967.2658730158732,420.62809217371847,-0.11147831218648574,-0.10394286564499333
2025-08-30,3844.125,2600.0,5200.0,8,0.0,1.0,30,8,5,242,3764.0,4236.25,3190.0,4307.222222222223,4479.5,3948.1249999999977,3826.9285714285716,3921.881944444445,378.99399358382306,0.021287194473963877,0.2050548589341692
2025-08-31,3200.0,2600.0,4400.0,3,0.0,1.0,31,8,6,243,3844.125,3764.0,4236.25,3512.5,3725.0,3602.7083333333308,3782.285714285714,3884.381944444445,436.28008918610226,-0.1675608883686145,-0.2446149306580112
2025-09-01,4261.666666666667,3250.0,5410.0,9,0.0,1.0,1,9,0,244,3200.0,3844.125,3764.0,4041.0,3942.5,3768.5972222222194,3813.8095238095234,3907.1795634920636,465.1090659236399,0.33177083333333335,0.13221749911441738
2025-09-02,3250.0,3250.0,3250.0,2,0.0,1.0,2,9,1,245,4261.666666666667,3200.0,3844.125,4200.625,4202.727272727273,3570.555555555553,3678.005952380952,3839.1276154401157,472.0726207648434,-0.2373875635510364,-0.15455402724937406
2025-09-03,3983.3333333333335,2600.0,5500.0,6,0.0,1.0,3,9,2,246,3250.0,4261.666666666667,3200.0,3190.0,3891.875,3831.6666666666642,3791.339285714286,3845.660353535354,428.61778710634167,0.22564102564102573,0.24479166666666674
2025-09-04,3968.125,2600.0,5200.0,8,0.0,1.0,4,9,3,247,3983.3333333333335,3250.0,4261.666666666667,4236.25,3902.2727272727275,3733.8194444444416,3753.035714285714,3850.3640873015875,392.7078525111724,-0.003817991631799189,-0.06887954634337123
2025-09-05,3819.5,2600.0,5001.0,8,0.0,1.0,5,9,4,248,3968.125,3983.3333333333335,3250.0,3764.0,4146.25,3923.652777777775,3760.964285714286,3827.0248015873017,393.5255168650908,-0.03745471727831151,0.1752307692307693
2025-09-06,4161.111111111111,2600.0,6750.0,9,0.0,1.0,6,9,5,249,3819.5,3968.125,3983.3333333333335,3844.125,4307.222222222223,3982.912037037034,3806.2480158730154,3816.5882936507937,421.9047006332614,0.08943869907346813,0.04463040446304056
2025-09-07,3967.5,2600.0,5200.0,8,0.0,1.0,7,9,6,250,4161.111111111111,3819.5,3968.125,3200.0,3512.5,3982.7037037037007,3915.890873015873,3849.0882936507937,327.1941603178044,-0.046528704939919896,-0.00015750511891632346
2025-09-08,4433.333333333333,3700.0,5800.0,3,0.0,1.0,8,9,0,251,3967.5,4161.111111111111,3819.5,4261.666666666667,4041.0,4187.314814814811,3940.4146825396824,3877.1121031746034,362.01104746173837,0.11741230833858429,0.16071038966705942
2025-09-09,4351.0,2600.0,6750.0,10,0.0,1.0,9,9,1,252,4433.333333333333,3967.5,4161.111111111111,3250.0,4200.625,4250.611111111109,4097.700396825397,3887.8531746031745,225.48033488722535,-0.01857142857142846,0.045634178905206824
2025-09-10,4189.4,2600.0,6500.0,10,0.0,1.0,10,9,2,253,4351.0,4433.333333333333,3967.5,3983.3333333333335,3190.0,4324.577777777774,4127.138492063492,3959.2388888888886,221.47651131176653,-0.03714088715237884,0.055929426591052156
2025-09-13,3860.625,2600.0,5200.0,8,0.0,3.0,13,9,5,256,4189.4,4351.0,4433.333333333333,3968.125,4236.25,4133.6749999999965,4111.781349206349,3932.4085317460313,237.48836052653638,-0.0784778249868715,-0.12918233082706765
2025-09-14,3620.2,2600.0,4601.0,5,0.0,1.0,14,9,6,257,3860.625,4189.4,4351.0,3819.5,3764.0,3890.074999999997,4083.3099206349207,3922.137103174603,285.4685646420797,-0.06227618585073669,-0.16796138818662376
2025-09-15,4223.0,2600.0,6750.0,10,0.0,1.0,15,9,0,258,3620.2,3860.625,4189.4,4161.111111111111,3844.125,3901.2749999999965,4092.1511904761905,3949.199603174603,289.2135672991854,0.16651013756146082,0.008020241562037622
2025-09-16,4338.888888888889,2600.0,6750.0,9,0.0,1.0,16,9,1,259,4223.0,3620.2,3860.625,3967.5,3200.0,4060.6962962962934,4145.206746031746,4030.5488095238097,296.5086434274813,0.027442313258083884,0.12388250319284788
2025-09-17,4016.909090909091,2600.0,6750.0,11,0.0,1.0,17,9,2,260,4338.888888888889,4223.0,3620.2,4433.333333333333,4261.666666666667,4192.932659932657,4085.7175685425686,4013.0661255411255,269.62161019187823,-0.07420789197997901,0.10958209240072136
2025-09-18,4223.333333333333,2600.0,6750.0,9,0.0,1.0,18,9,3,261,4016.909090909091,4338.888888888889,4223.0,4351.0,3250.0,4193.043771043768,4067.4794733044732,4082.589935064935,252.457854419422,0.05138882602332551,7.89328281631807e-05
2025-09-19,4426.222222222223,2600.0,6750.0,9,0.0,1.0,19,9,4,262,4223.333333333333,4016.909090909091,4338.888888888889,4189.4,3983.3333333333335,4222.154882154879,4101.311219336219,4114.224855699856,285.2570318568864,0.048039989476453826,0.020128040973111494
2025-09-20,4284.0,2600.0,6425.0,10,0.0,1.0,20,9,5,263,4426.222222222223,4223.333333333333,4016.909090909091,3860.625,3968.125,4311.1851851851825,4161.793362193362,4136.787355699856,270.2061412183677,-0.03213174013455178,0.06649164893857784
2025-09-21,3725.0,2600.0,5000.0,4,0.0,1.0,21,9,6,264,4284.0,4426.222222222223,4223.333333333333,3620.2,3819.5,4145.074074074072,4176.764790764791,4130.037355699856,235.9252063976737,-0.13048552754435105,-0.11799526440410413
2025-09-22,3878.5714285714284,2600.0,5200.0,7,0.0,1.0,22,9,0,265,3725.0,4284.0,4426.222222222223,4223.0,4161.111111111111,3962.523809523807,4127.560709132137,4109.855949804164,259.4219578282565,0.04122722914669219,-0.12372871630829263
2025-09-23,3978.8888888888887,2600.0,5200.0,9,0.0,1.0,23,9,1,266,3878.5714285714284,3725.0,4284.0,4338.888888888889,3967.5,3860.8201058201025,4076.1321377035665,4110.669441867656,245.87528616540655,0.025864538571720885,-0.07122108102500269
2025-09-24,3957.625,2600.0,5200.0,8,0.0,1.0,24,9,2,267,3978.8888888888887,3878.5714285714284,3725.0,4016.909090909091,4433.333333333333,3938.361772486769,4067.6629818594106,4076.690275200989,249.25302548869422,-0.005344177604021172,0.06244966442953026
2025-09-25,3854.1666666666665,2000.0,5200.0,12,0.0,1.0,25,9,3,268,3957.625,3978.8888888888887,3878.5714285714284,4223.333333333333,4351.0,3930.2268518518486,4014.924886621315,4041.2021799628938,249.88020321048154,-0.026141520061484735,-0.006292203806015917
2025-09-26,3747.8571428571427,2600.0,4950.0,7,0.0,1.0,26,9,4,269,3854.1666666666665,3957.625,3978.8888888888887,4426.222222222223,4189.4,3853.2162698412667,3918.015589569161,4009.6634044526904,187.5546561405245,-0.027583011583011574,-0.05806438744165632
2025-09-27,4147.777777777777,2600.0,6750.0,9,0.0,1.0,27,9,5,270,3747.8571428571427,3854.1666666666665,3957.625,4284.0,3860.625,3916.600529100526,3898.5552721088434,4030.174317151103,145.6340396349408,0.10670647777566011,0.048047194410227645
2025-09-28,4011.25,2600.0,5500.0,4,0.0,1.0,28,9,6,271,4147.777777777777,3747.8571428571427,3854.1666666666665,3725.0,3620.2,3968.961640211637,3939.4481292517007,4058.1064600082454,127.88584093042834,-0.032915885346905926,0.04075675675675683
2025-09-29,4116.818181818182,2000.0,6750.0,11,0.0,1.0,29,9,0,272,4011.25,4147.777777777777,3747.8571428571427,3878.5714285714284,4223.0,4091.94865319865,3973.4833797155225,4050.52204442383,140.10359548424344,0.02631802600640243,0.09844586516970755
2025-09-30,4404.444444444444,2600.0,6650.0,9,0.0,1.0,30,9,1,273,4116.818181818182,4011.25,4147.777777777777,3978.8888888888887,4338.888888888889,4177.504208754206,4034.277030509173,4055.20458410637,215.09736119208915,0.06986615631862403,0.06188052504687924
2025-10-01,4387.277777777777,2600.0,6750.0,18,0.0,1.0,1,10,2,274,4404.444444444444,4116.818181818182,4011.25,3957.625,4016.909090909091,4302.846801346798,4095.6559987631413,4081.659490311276,248.3155245295683,-0.0038975782038346285,0.09374329143727711
2025-10-02,3250.0,3250.0,3250.0,2,0.0,1.0,2,10,3,275,4387.277777777777,4404.444444444444,4116.818181818182,3854.1666666666665,4223.333333333333,4013.9074074074038,4009.346474953618,4012.1356807874668,403.0374738078454,-0.25922173962593853,-0.2105553715358287
2025-10-03,3949.3076923076924,2491.0,6650.0,13,0.0,1.0,3,10,4,276,3250.0,4387.277777777777,4404.444444444444,3747.8571428571427,4426.222222222223,3862.195156695154,4038.1251248751246,3978.070357222143,388.1721571551021,0.2151715976331361,-0.10333579135294568
2025-10-04,3825.0,2600.0,4900.0,6,0.0,1.0,4,10,5,277,3949.3076923076924,3250.0,4387.277777777777,4147.777777777777,4284.0,3674.769230769228,3992.0140137640133,3945.2846429364286,392.1268319757029,-0.03147581854658077,-0.12816097048283537
2025-10-05,3880.0,2600.0,5200.0,7,0.0,1.0,5,10,6,278,3825.0,3949.3076923076924,3250.0,4011.25,3725.0,3884.769230769228,3973.2640137640133,3956.356071507857,394.18627000122217,0.01437908496732021,0.19384615384615378
2025-10-06,4226.0,2600.0,6750.0,10,0.0,1.0,6,10,0,279,3880.0,3825.0,3949.3076923076924,4116.818181818182,3878.5714285714284,3976.999999999997,3988.861416361416,3981.1723980384695,402.87748748705934,0.08917525773195867,0.07006096492082348
2025-10-07,4058.6363636363635,2000.0,6750.0,11,0.0,1.0,7,10,1,280,4226.0,3880.0,3825.0,4404.444444444444,3978.8888888888887,4054.878787878785,3939.460261960262,3986.8686462347177,362.61494526717667,-0.03960332143010803,0.06108140225787273
2025-10-08,3506.6666666666665,2600.0,4500.0,6,0.0,1.0,8,10,2,281,4058.6363636363635,4226.0,3880.0,4387.277777777777,3957.625,3930.4343434343405,3813.658674658675,3954.657336710908,332.89765300756886,-0.13599880539067455,-0.09621993127147765
2025-10-09,4268.444444444444,2600.0,6750.0,9,0.0,1.0,9,10,3,282,3506.6666666666665,4058.6363636363635,4226.0,3250.0,3854.1666666666665,3944.5824915824887,3959.1507381507377,3984.248606552178,260.086041973008,0.21723700887198993,0.010043645159593995
2025-10-10,4220.333333333333,3800.0,4601.0,3,0.0,1.0,10,10,4,283,4268.444444444444,3506.6666666666665,4058.6363636363635,3949.3076923076924,3747.8571428571427,3998.481481481478,3997.868686868687,4017.9969058719057,277.9371634559036,-0.011271345272803046,0.03984022100272511
2025-10-13,4007.222222222222,2600.0,5500.0,9,0.0,3.0,13,10,0,286,4220.333333333333,4268.444444444444,3506.6666666666665,3825.0,4147.777777777777,4165.33333333333,4023.9004329004333,4007.9572233322237,267.38073481247704,-0.05049627464918516,0.14274397972116604
2025-10-14,4008.5,2600.0,5250.0,10,0.0,1.0,14,10,1,287,4007.222222222222,4220.333333333333,4268.444444444444,3880.0,4011.25,4078.6851851851825,4042.257575757576,4007.760794760795,260.1684358195054,0.0003188687092749998,-0.060899104539775095
2025-10-15,4170.0,2600.0,5250.0,9,0.0,1.0,15,10,2,288,4008.5,4007.222222222222,4220.333333333333,4226.0,4116.818181818182,4061.9074074074047,4034.257575757576,4011.5594960594963,254.373261981108,0.0402893850567545,-0.011926388121001441
2025-10-16,4137.272727272727,2600.0,5250.0,11,0.0,1.0,16,10,3,289,4170.0,4008.5,4007.222222222222,4058.6363636363635,4404.444444444444,4105.257575757572,4045.491341991342,3992.475801975802,257.34832169718396,-0.007848266841072649,0.032454028710787286
2025-10-17,4098.125,2600.0,6000.0,8,0.0,1.0,17,10,4,290,4137.272727272727,4170.0,4008.5,3506.6666666666665,4387.277777777777,4135.132575757572,4129.98538961039,3971.822032134532,99.86033139459752,-0.009462206108547533,0.0223587376824248
2025-10-18,4207.1,2600.0,6000.0,10,0.0,1.0,18,10,5,291,4098.125,4137.272727272727,4170.0,4268.444444444444,3250.0,4147.49924242424,4121.221897546898,4040.1863178488175,87.62674290744589,0.026591429007168044,0.008896882494004776
2025-10-19,2600.0,2600.0,2600.0,2,0.0,1.0,19,10,6,292,4207.1,4098.125,4137.272727272727,4220.333333333333,3949.3076923076924,3635.074999999997,3889.745707070707,3943.807196969697,573.7733399764425,-0.38199710014023913,-0.3715666886398593
2025-10-22,5200.0,5200.0,5200.0,1,0.0,3.0,22,10,2,295,2600.0,4207.1,4098.125,4007.222222222222,3825.0,4002.3666666666636,4060.1425324675324,4042.021482683983,761.0316581015352,1.0,0.2688729601952111
2025-10-23,3561.0,2600.0,4605.0,5,0.0,1.0,23,10,3,296,5200.0,2600.0,4207.1,4008.5,3880.0,3786.999999999997,3996.213961038961,4019.2357683982686,784.5256941448531,-0.31519230769230766,-0.15357372061515062
2025-10-24,4162.5,2600.0,6000.0,4,0.0,1.0,24,10,4,297,3561.0,5200.0,2600.0,4170.0,4226.0,4307.83333333333,3995.1425324675324,4014.700054112554,784.2538717726211,0.16891322662173547,0.6009615384615385
2025-10-26,3250.0,3250.0,3250.0,1,0.0,2.0,26,10,6,299,4162.5,3561.0,5200.0,4137.272727272727,4058.6363636363635,3657.8333333333303,3868.389285714286,3956.9403138528137,827.9388579298803,-0.21921921921921927,-0.375
2025-10-27,3590.0,2600.0,5250.0,5,0.0,1.0,27,10,0,300,3250.0,4162.5,3561.0,4098.125,3506.6666666666665,3667.499999999997,3795.8,3962.892694805195,826.713793683559,0.10461538461538455,0.008143779837124443
2025-10-28,3837.5,2600.0,5000.0,6,0.0,1.0,28,10,1,301,3590.0,3250.0,4162.5,4207.1,4268.444444444444,3559.166666666664,3743.0,3932.110948773449,807.649934480689,0.06894150417827305,-0.0780780780780781
2025-10-29,4206.666666666667,2600.0,5250.0,6,0.0,1.0,29,10,2,302,3837.5,3590.0,3250.0,2600.0,4220.333333333333,3878.0555555555525,3972.523809523809,3931.1347582972585,639.4737450708348,0.09619978284473407,0.2943589743589745
2025-10-30,4012.5,2600.0,5200.0,4,0.0,1.0,30,10,3,303,4206.666666666667,3837.5,3590.0,5200.0,4007.222222222222,4018.8888888888855,3802.880952380952,3931.511742424242,352.84780207416196,-0.04615689381933441,0.11768802228412256
2025-10-31,4428.0,3800.0,5500.0,5,0.0,1.0,31,10,4,304,4012.5,4206.666666666667,3837.5,3561.0,4008.5,4215.722222222219,3926.738095238095,3961.476028138528,402.4700225453029,0.10355140186915879,0.15387622149837132
2025-11-01,4249.882352941177,2600.0,6500.0,17,0.0,1.0,1,11,5,305,4428.0,4012.5,4206.666666666667,4162.5,4170.0,4230.127450980389,3939.2212885154063,3967.1819104914694,412.2378842032887,-0.04022530421382642,0.010273142537521984
2025-11-02,2600.0,2600.0,2600.0,2,0.0,1.0,2,11,6,306,4249.882352941177,4428.0,4012.5,3250.0,4137.272727272727,3759.294117647056,3846.364145658263,3857.376715686274,616.1399964357802,-0.3882183589857159,-0.3520249221183801
2025-11-03,4060.846153846154,2261.0,6500.0,13,0.0,1.0,3,11,0,307,2600.0,4249.882352941177,4428.0,3590.0,4098.125,3636.9095022624406,3913.6278819219992,3854.7139409609995,609.1496882802321,0.5618639053254437,-0.0829164060871378
2025-11-04,4271.5,2600.0,6600.0,10,0.0,1.0,4,11,1,308,4060.846153846154,2600.0,4249.882352941177,3837.5,4207.1,3644.1153846153816,3975.6278819219992,3859.313940961,622.0596240022783,0.05187437252561988,0.005086645997121053
2025-11-05,3466.6666666666665,2600.0,5200.0,3,0.0,1.0,5,11,2,309,4271.5,4060.846153846154,2600.0,4206.666666666667,2600.0,3933.0042735042703,3869.913596207714,3921.2187028657618,638.90310716003,-0.18841936868391274,0.33333333333333326
2025-11-06,4291.444444444444,2600.0,6750.0,9,0.0,1.0,6,11,3,310,3466.6666666666665,4271.5,4060.846153846154,4012.5,5200.0,4009.8703703703673,3909.76280255692,3856.3218774689367,657.7011404346935,0.23791666666666678,0.05678577366933335
2025-11-07,4078.5714285714284,2600.0,6750.0,7,0.0,1.0,7,11,4,311,4291.444444444444,3466.6666666666665,4271.5,4428.0,3561.0,3945.5608465608434,3859.844435209981,3893.2912652240384,624.2206335887622,-0.04960404792111284,-0.04516646878814734
2025-11-08,4130.0,2600.0,6750.0,10,0.0,1.0,8,11,5,312,4078.5714285714284,4291.444444444444,3466.6666666666665,4249.882352941177,4162.5,4166.671957671955,3842.718384789813,3890.96983665261,613.2848355489343,0.012609457092819687,0.19134615384615383
2025-11-09,4115.0,2000.0,6750.0,10,0.0,1.0,9,11,6,313,4130.0,4078.5714285714284,4291.444444444444,2600.0,3250.0,4107.85714285714,4059.1469562183847,3952.755550938324,276.468426605494,-0.003631961259079941,-0.04111539756103877
2025-11-10,4475.0,4450.0,4500.0,2,0.0,1.0,10,11,0,314,4115.0,4130.0,4078.5714285714284,4060.846153846154,3590.0,4239.999999999997,4118.31179138322,4015.96983665261,318.0765809695292,0.08748481166464162,0.09719789842381799
2025-11-12,4350.0,4350.0,4350.0,1,0.0,2.0,12,11,2,316,4475.0,4115.0,4130.0,4271.5,3837.5,4313.333333333331,4129.526077097506,4052.5769795097526,325.67078097670384,-0.027932960893854775,0.0532687651331718
2025-12-01,3780.0,3100.0,4800.0,5,0.0,19.0,1,12,0,335,4350.0,4475.0,4115.0,3466.6666666666665,4206.666666666667,4201.666666666664,4174.28798185941,4022.1007890335627,225.51024708459033,-0.13103448275862073,-0.0814094775212637
2025-12-02,4155.5,3800.0,4511.0,2,0.0,1.0,2,12,1,336,3780.0,4350.0,4475.0,4291.444444444444,4012.5,4095.166666666664,4154.867346938775,4032.315074747848,219.51326966449443,0.09933862433862428,-0.0713966480446927
2025-12-03,3985.4545454545455,2600.0,6500.0,11,0.0,1.0,3,12,2,337,4155.5,3780.0,4350.0,4078.5714285714284,4428.0,3973.6515151515123,4141.5649350649355,4000.7046851374585,227.5805367953543,-0.0409205762352195,-0.08380355276907003
2025-12-04,3527.0,2600.0,5200.0,5,0.0,1.0,4,12,3,338,3985.4545454545455,4155.5,3780.0,4130.0,4249.882352941177,3889.318181818179,4055.422077922078,3949.070231355946,325.67099277223707,-0.11503193430656933,-0.06693121693121695
2025-12-05,3800.0,2600.0,5300.0,5,0.0,1.0,5,12,4,339,3527.0,3985.4545454545455,4155.5,4115.0,2600.0,3770.818181818179,4010.422077922078,4034.7845170702317,337.61059479090943,0.07740289197618377,-0.08554927204909157
2025-12-06,4152.0,2600.0,6750.0,10,0.0,1.0,6,12,5,340,3800.0,3527.0,3985.4545454545455,4475.0,4060.846153846154,3826.3333333333303,3964.2792207792204,4041.2955060812205,280.83002028835375,0.0926315789473684,0.04178832116788311
2025-12-07,4246.5,2600.0,6750.0,10,0.0,1.0,7,12,6,341,4152.0,3800.0,3527.0,4350.0,4271.5,4066.166666666664,3949.493506493506,4039.5097917955063,259.014391184373,0.02276011560693636,0.2039977317833852
2025-12-08,3706.25,2600.0,5500.0,8,0.0,1.0,8,12,0,342,4246.5,4152.0,3800.0,3780.0,3466.6666666666665,4034.916666666664,3938.957792207792,4056.6228870336013,268.3881128834658,-0.127222418462263,-0.024671052631578982
2025-12-09,3975.5555555555557,2600.0,6750.0,9,0.0,1.0,9,12,1,343,3706.25,4246.5,4152.0,4155.5,4291.444444444444,3976.101851851849,3913.251443001443,4034.0593949701097,252.32790459465906,0.0726625445006559,-0.042496253478912394
2025-12-10,4019.285714285714,2600.0,5200.0,7,0.0,1.0,10,12,2,344,3975.5555555555557,3706.25,4246.5,3985.4545454545455,4078.5714285714284,3900.3637566137536,3918.084467120181,4029.824701092558,254.25797281855156,0.010999760440788986,-0.05350624884358546
2025-12-12,5355.0,3820.0,9250.0,4,0.0,2.0,12,12,4,346,4019.285714285714,3975.5555555555557,3706.25,3527.0,4130.0,4449.947089947087,4179.227324263038,4117.324701092558,551.103853764168,0.3323262839879155,0.4448566610455311
2025-12-15,6351.25,3830.0,9850.0,4,0.0,3.0,15,12,0,349,5355.0,4019.285714285714,3975.5555555555557,3800.0,4115.0,5241.845238095236,4543.691609977324,4277.056843949701,954.4913459815151,0.18604108309990663,0.5975754611514812
2025-12-16,5300.0,4500.0,6100.0,2,0.0,1.0,16,12,1,350,6351.25,5355.0,4019.285714285714,4152.0,4475.0,5668.749999999997,4707.691609977324,4335.985415378273,974.3913006602046,-0.16551859870104313,0.31864226052958955
2025-12-17,4325.0,2600.0,6300.0,6,0.0,1.0,17,12,2,351,5300.0,6351.25,5355.0,4246.5,4350.0,5325.416666666663,4718.905895691611,4334.199701092558,968.633512275472,-0.1839622641509434,-0.19234360410830997
2025-12-18,4100.0,3000.0,5200.0,2,0.0,1.0,18,12,3,352,4325.0,5300.0,6351.25,3706.25,3780.0,4574.999999999997,4775.155895691611,4357.056843949701,909.6638017936045,-0.052023121387283267,-0.35445778390080696
2025-12-19,6250.0,4500.0,9250.0,3,0.0,1.0,19,12,4,353,4100.0,4325.0,5300.0,3975.5555555555557,4155.5,4891.666666666663,5100.076530612244,4506.663986806844,979.9421657125597,0.524390243902439,0.179245283018868
2025-12-20,4476.25,2600.0,6200.0,8,0.0,1.0,20,12,5,354,6250.0,4100.0,4325.0,4019.285714285714,3985.4545454545455,4942.08333333333,5165.357142857143,4541.720804988662,908.5647777440894,-0.28380000000000005,0.03497109826589595
2025-12-22,6496.666666666667,3840.0,9250.0,3,0.0,2.0,22,12,0,356,4476.25,6250.0,4100.0,5355.0,3527.0,5740.972222222219,5328.452380952381,4753.839852607709,1041.0859690917507,0.4513636786744857,0.5845528455284554
2025-12-23,4525.0,4450.0,4600.0,2,0.0,1.0,23,12,1,357,6496.666666666667,4476.25,6250.0,6351.25,3800.0,5165.972222222219,5067.559523809524,4805.625566893424,968.3426691009797,-0.30348896870189845,-0.276
2025-12-24,4583.666666666667,2600.0,6350.0,3,0.0,1.0,24,12,2,358,4525.0,6496.666666666667,4476.25,5300.0,4152.0,5201.777777777775,4965.226190476191,4836.458900226758,977.4920369031222,0.012965009208103284,0.023997021316205958
2025-12-25,4450.0,2600.0,6300.0,2,0.0,1.0,25,12,3,359,4583.666666666667,4525.0,6496.666666666667,4325.0,4246.5,4519.555555555552,4983.083333333334,4850.994614512471,964.9076296704867,-0.029161515526143655,-0.31503335043612113
2025-12-26,4457.0,3725.0,6250.0,5,0.0,1.0,26,12,4,360,4450.0,4583.666666666667,4525.0,4100.0,3706.25,4496.888888888886,5034.083333333334,4904.619614512471,918.7855120373042,0.0015730337078652123,-0.015027624309392307
2025-12-27,3698.3333333333335,2600.0,5750.0,9,0.0,1.0,27,12,5,361,4457.0,4450.0,4583.666666666667,6250.0,3975.5555555555557,4201.777777777775,4669.559523809524,4884.818027210885,860.29378422256,-0.17021913095505192,-0.19314958912079128
2025-12-28,5200.0,5200.0,5200.0,1,0.0,1.0,28,12,6,362,3698.3333333333335,4457.0,4450.0,4476.25,4019.285714285714,4451.777777777775,4772.952380952382,4969.154761904762,876.5272687772298,0.4060387561964849,0.1685393258426966
2025-12-29,4100.0,2600.0,5200.0,3,0.0,1.0,29,12,0,363,5200.0,3698.3333333333335,4457.0,6496.666666666667,5355.0,4332.777777777775,4430.571428571428,4879.5119047619055,460.23567691660816,-0.21153846153846156,-0.08009872111285621
2025-12-30,4041.6666666666665,3725.0,4600.0,3,0.0,1.0,30,12,1,364,4100.0,5200.0,3698.3333333333335,4525.0,6351.25,4447.222222222219,4361.52380952381,4714.541666666667,479.558549205841,-0.014227642276422814,0.09283461018476791
2025-12-31,4096.428571428572,2600.0,6200.0,7,0.0,1.0,31,12,2,365,4041.6666666666665,4100.0,5200.0,4583.666666666667,5300.0,4079.3650793650763,4291.918367346939,4628.572278911565,477.29655804247705,0.01354933726067764,-0.21222527472527475
2026-01-01,5076.5,2600.0,9900.0,10,0.0,1.0,1,1,3,1,4096.428571428572,4041.6666666666665,4100.0,4450.0,4325.0,4404.865079365077,4381.418367346939,4682.250850340136,562.9355812212544,0.23925021795989543,0.23817073170731717
2026-01-02,5008.333333333333,2600.0,9250.0,6,0.0,1.0,2,1,4,2,5076.5,4096.428571428572,4041.6666666666665,4457.0,4100.0,4727.087301587299,4460.180272108843,4747.131802721088,611.7276817234712,-0.013427886667323308,0.2391752577319588
2026-01-15,3200.0,2600.0,3800.0,2,0.0,13.0,15,1,3,15,5008.333333333333,5076.5,4096.428571428572,3698.3333333333335,6250.0,4428.277777777775,4388.989795918367,4529.274659863946,732.28313198172,-0.3610648918469218,-0.21883173496076724
2026-01-16,4990.0,3800.0,6300.0,4,0.0,1.0,16,1,4,16,3200.0,5008.333333333333,5076.5,5200.0,4476.25,4399.444444444442,4358.989795918367,4565.971088435374,696.9704951425434,0.559375,-0.017039298729439545
2026-01-17,4008.0,2600.0,5500.0,5,0.0,1.0,17,1,5,17,4990.0,3200.0,5008.333333333333,4100.0,6496.666666666667,4065.999999999997,4345.84693877551,4388.20918367347,703.5050587578468,-0.1967935871743487,-0.19973377703826956
2026-01-19,4604.0,2600.0,6000.0,5,0.0,2.0,19,1,0,19,4008.0,4990.0,3200.0,4041.6666666666665,4525.0,4533.999999999997,4426.180272108843,4393.852040816327,695.0371045437731,0.14870259481037928,0.43875
2026-01-20,5258.333333333333,2600.0,9250.0,3,0.0,1.0,20,1,1,20,4604.0,4008.0,4990.0,4096.428571428572,4583.666666666667,4623.444444444442,4592.166666666667,4442.042517006803,740.4212327127477,0.14212279177526788,0.05377421509686031
2026-01-21,4363.333333333333,2600.0,5750.0,6,0.0,1.0,21,1,2,21,5258.333333333333,4604.0,4008.0,5076.5,4450.0,4741.888888888886,4490.285714285714,4435.852040816327,711.1574402071008,-0.17020602218700476,0.08865602129075167
2026-01-22,5237.777777777777,2600.0,9250.0,9,0.0,1.0,22,1,3,22,4363.333333333333,5258.333333333333,4604.0,5008.333333333333,4457.0,4953.148148148145,4523.063492063492,4491.621882086168,743.563469487964,0.20040743570155328,0.13765807510377437
2026-01-23,7675.0,6100.0,9250.0,2,0.0,1.0,23,1,4,23,5237.777777777777,4363.333333333333,5258.333333333333,3200.0,3698.3333333333335,5758.703703703701,5162.349206349207,4775.669501133787,1200.0502054459441,0.46531607976240985,0.45958795562599053
2026-01-24,6100.0,4450.0,9500.0,4,0.0,1.0,24,1,5,24,7675.0,5237.777777777777,4363.333333333333,4990.0,5200.0,6337.5925925925885,5320.920634920635,4839.955215419502,1245.9396353579634,-0.2052117263843648,0.3980137509549275
2026-01-25,3000.0,2600.0,3800.0,3,0.0,1.0,25,1,6,25,6100.0,7675.0,5237.777777777777,4008.0,4100.0,5591.666666666664,5176.920634920635,4761.383786848072,1462.415436286579,-0.5081967213114754,-0.42723801442511666
2026-01-26,3575.0,2600.0,4550.0,2,0.0,1.0,26,1,0,26,3000.0,6100.0,7675.0,4604.0,4041.6666666666665,4224.999999999997,5029.920634920635,4728.050453514739,1576.8429490811825,0.19166666666666665,-0.5342019543973942
2026-01-27,5302.142857142857,2600.0,9500.0,7,0.0,1.0,27,1,1,27,3575.0,3000.0,6100.0,5258.333333333333,4096.428571428572,3959.047619047616,5036.179138321995,4814.1729024943315,1577.9871414676727,0.48311688311688306,-0.1307962529274005
2026-01-28,3811.875,2600.0,4900.0,8,0.0,1.0,28,1,2,28,5302.142857142857,3575.0,3000.0,4363.333333333333,5076.5,4229.672619047616,4957.399376417234,4723.842545351474,1630.082610454913,-0.28106897480802906,0.2706249999999999
2026-01-29,5025.0,4500.0,5500.0,3,0.0,1.0,29,1,3,29,3811.875,5302.142857142857,3575.0,5237.777777777777,5008.333333333333,4713.00595238095,4927.002551020408,4725.03302154195,1625.9615580144605,0.31824889326119044,0.4055944055944056
2026-01-30,4462.857142857143,3300.0,7500.0,7,0.0,1.0,30,1,4,30,5025.0,3811.875,5302.142857142857,7675.0,3200.0,4433.244047619045,4468.125,4815.237103174602,1084.1637838561812,-0.11186922530206111,-0.15829179576990426
2026-01-31,3987.1428571428573,2600.0,5100.0,7,0.0,1.0,31,1,5,31,4462.857142857143,5025.0,3811.875,6100.0,4990.0,4491.666666666663,4166.288265306122,4743.604450113378,814.7654638606025,-0.1065941101152369,0.045979434567727795
2026-02-01,3750.0,2600.0,5000.0,4,0.0,1.0,1,2,6,32,3987.1428571428573,4462.857142857143,5025.0,3000.0,4008.0,4066.666666666664,4273.43112244898,4725.175878684807,672.7762166059356,-0.05947689000358303,-0.25373134328358204
2026-02-02,6371.666666666667,3965.0,9350.0,3,0.0,1.0,2,2,0,33,3750.0,3987.1428571428573,4462.857142857143,3575.0,4604.0,4702.936507936505,4672.954931972789,4851.437783446711,958.5769375626431,0.6991111111111112,0.4277102005975246
2026-02-03,5276.666666666667,2600.0,9250.0,9,0.0,1.0,3,2,1,34,6371.666666666667,3750.0,3987.1428571428573,5302.142857142857,5258.333333333333,5132.777777777775,4669.315476190476,4852.747307256236,955.8343794228849,-0.1718545644781585,0.3234205183327361
2026-02-04,3311.6666666666665,2600.0,3725.0,3,0.0,1.0,4,2,2,35,5276.666666666667,6371.666666666667,3750.0,3811.875,4363.333333333333,4986.666666666664,4597.857142857143,4777.628259637188,1045.1457818005267,-0.372394188250158,-0.11688888888888893
2026-02-14,3575.0,2600.0,4550.0,2,0.0,10.0,14,2,5,45,3311.6666666666665,5276.666666666667,6371.666666666667,5025.0,5237.777777777777,4054.4444444444416,4390.714285714285,4658.8584183673465,1089.1439147882122,0.07951685958731769,-0.43892231232016743
2026-02-15,3630.0,2600.0,5320.0,4,0.0,1.0,15,2,6,46,3575.0,3311.6666666666665,5276.666666666667,4462.857142857143,7675.0,3505.5555555555525,4271.734693877551,4369.929846938775,1124.8552079014994,0.01538461538461533,-0.31206569804169304
2026-02-16,4510.714285714285,2600.0,6000.0,7,0.0,1.0,16,2,0,47,3630.0,3575.0,3311.6666666666665,3987.1428571428573,6100.0,3905.2380952380922,4346.530612244897,4256.409438775509,1120.175072507737,0.24262101534828795,0.3620677259328491
2026-02-17,4691.875,2600.0,6000.0,8,0.0,1.0,17,2,1,48,4510.714285714285,3630.0,3575.0,3750.0,3000.0,4277.529761904759,4481.084183673469,4377.257653061224,1092.812463945338,0.04016231195566111,0.3124125874125874
2026-02-18,4252.5,2600.0,5500.0,6,0.0,1.0,18,2,2,49,4691.875,4510.714285714285,3630.0,6371.666666666667,3575.0,4485.029761904759,4178.346088435374,4425.650510204081,707.3224879774741,-0.09364593046489944,0.17148760330578505
2026-02-19,6000.0,6000.0,6000.0,1,0.0,1.0,19,2,3,50,4252.5,4691.875,4510.714285714285,5276.666666666667,5302.142857142857,4981.45833333333,4281.6794217687075,4475.497448979591,916.4424921491993,0.4109347442680775,0.3301662707838482
2026-02-20,6033.333333333333,2600.0,9250.0,3,0.0,1.0,20,2,4,51,6000.0,4252.5,4691.875,3311.6666666666665,3811.875,5428.611111111109,4670.488945578231,4634.173044217687,1008.9894126223473,0.005555555555555536,0.2859109275787042
2026-02-21,4229.375,2680.0,5700.0,8,0.0,1.0,21,2,5,52,6033.333333333333,6000.0,4252.5,3575.0,5025.0,5420.902777777775,4763.971088435374,4577.34268707483,916.6670528397333,-0.2989986187845304,-0.005437977660199933
2026-02-22,5137.5,4025.0,6250.0,2,0.0,1.0,22,2,6,53,4229.375,6033.333333333333,6000.0,3630.0,4462.857142857143,5133.402777777775,4979.328231292517,4625.531462585034,771.433021512726,0.2147184867740506,-0.14375000000000004
2026-02-23,5144.0,2600.0,9300.0,10,0.0,1.0,23,2,0,54,5137.5,4229.375,6033.333333333333,4510.714285714285,3987.1428571428573,4836.958333333331,5069.797619047619,4708.164115646258,743.9621664501166,0.0012652068126519644,-0.147403314917127
2026-02-24,4771.857142857143,2600.0,9400.0,7,0.0,1.0,24,2,1,55,5144.0,5137.5,4229.375,4691.875,3750.0,5017.785714285711,5081.223639455783,4781.153911564626,737.7790290711631,-0.07234503443679174,0.1282653212016298
2026-02-26,4116.666666666667,3850.0,4500.0,3,0.0,2.0,26,2,3,57,4771.857142857143,5144.0,5137.5,4252.5,6371.666666666667,4677.507936507934,5061.818877551021,4620.082482993197,764.5106107934156,-0.13730303665339438,-0.19870235198702346
2026-02-27,6443.333333333333,3830.0,9250.0,3,0.0,1.0,27,2,4,58,4116.666666666667,4771.857142857143,5144.0,6000.0,5276.666666666667,5110.619047619045,5125.152210884355,4703.41581632653,866.7159703282684,0.5651821862348176,0.2525920165889062
2026-02-28,4375.0,2600.0,9400.0,8,0.0,1.0,28,2,5,59,6443.333333333333,4116.666666666667,4771.857142857143,6033.333333333333,3311.6666666666665,4978.333333333329,4888.247448979592,4779.368197278912,801.2747930810351,-0.3210036213140196,-0.08316618267820264
2026-03-01,3622.5,2600.0,4600.0,6,0.0,1.0,1,3,6,60,4375.0,6443.333333333333,4116.666666666667,4229.375,3575.0,4813.611111111109,4801.551020408164,4782.761054421769,909.9118610839017,-0.17200000000000004,-0.12004048582995963
2026-03-04,4050.0,2600.0,5500.0,2,0.0,3.0,4,3,2,63,3622.5,4375.0,6443.333333333333,5137.5,3630.0,4015.8333333333303,4646.19387755102,4812.761054421769,935.472598581203,0.11801242236024834,-0.371443352302121
2026-03-15,2600.0,2600.0,2600.0,2,0.0,11.0,15,3,6,74,4050.0,3622.5,4375.0,5144.0,4510.714285714285,3424.166666666664,4282.765306122449,4676.281462585034,1173.6829540271137,-0.3580246913580247,-0.4057142857142857
2026-03-16,4640.111111111111,2600.0,9250.0,9,0.0,1.0,16,3,0,75,2600.0,4050.0,3622.5,4771.857142857143,4691.875,3763.3703703703673,4263.944444444444,4672.584041950114,1165.5610727017004,0.7846581196581197,0.2809140403343302
2026-03-17,4378.333333333333,2600.0,6000.0,6,0.0,1.0,17,3,1,76,4640.111111111111,2600.0,4050.0,4116.666666666667,4252.5,3872.8148148148116,4301.325396825397,4681.572137188209,1164.2457078908042,-0.056416273556667784,0.0810699588477366
2026-03-18,4500.0,4500.0,4500.0,1,0.0,1.0,18,3,2,77,4378.333333333333,4640.111111111111,2600.0,6443.333333333333,6000.0,4506.148148148145,4023.7063492063494,4574.429280045352,712.340702511817,0.027788351732013883,0.7307692307692308
2026-03-23,6800.0,3800.0,9800.0,2,0.0,5.0,23,3,0,82,4500.0,4378.333333333333,4640.111111111111,4375.0,6033.333333333333,5226.111111111109,4370.1349206349205,4629.191184807256,1277.2943787139243,0.5111111111111111,0.4654821484159861
2026-03-24,9750.0,9750.0,9750.0,1,0.0,1.0,24,3,1,83,6800.0,4500.0,4378.333333333333,3622.5,4229.375,7016.666666666664,5245.492063492064,5023.521541950113,2338.4155955164442,0.4338235294117647,1.2268747620860299
2026-03-25,5700.0,5700.0,5700.0,1,0.0,1.0,25,3,2,84,9750.0,6800.0,4500.0,4050.0,5137.5,7416.666666666664,5481.206349206349,5063.700113378684,2280.262141479016,-0.41538461538461535,0.2666666666666666
2026-03-26,4325.0,2600.0,6000.0,6,0.0,1.0,26,3,3,85,5700.0,9750.0,6800.0,2600.0,5144.0,6591.666666666664,5727.6349206349205,5005.200113378684,1991.9816938875488,-0.24122807017543857,-0.36397058823529416
2026-03-27,5862.5,2600.0,9250.0,4,0.0,1.0,27,3,4,86,4325.0,5700.0,9750.0,4640.111111111111,4771.857142857143,5295.833333333331,5902.2619047619055,5083.103174603174,1933.4754925156858,0.3554913294797688,-0.39871794871794874
2026-03-28,3870.5714285714284,2600.0,5700.0,7,0.0,1.0,28,3,5,87,5862.5,4325.0,5700.0,4378.333333333333,4116.666666666667,4686.023809523806,5829.724489795918,5065.524943310658,2008.2555052080133,-0.3397745964057265,-0.320952380952381
2026-03-29,2600.0,2600.0,2600.0,1,0.0,1.0,29,3,6,88,3870.5714285714284,5862.5,4325.0,4500.0,6443.333333333333,4111.023809523806,5558.2959183673465,4791.001133786848,2321.8448060647784,-0.328264560419281,-0.3988439306358381
2026-03-30,4415.0,2600.0,6000.0,6,0.0,1.0,30,3,0,89,2600.0,3870.5714285714284,5862.5,6800.0,4375.0,3628.523809523807,5217.581632653061,4793.858276643991,2283.946612769351,0.698076923076923,-0.246908315565032
2026-03-31,5050.0,4500.0,5600.0,2,0.0,1.0,31,3,1,90,4415.0,2600.0,3870.5714285714284,9750.0,3622.5,4021.6666666666642,4546.15306122449,4895.822562358277,1127.5360926305887,0.14382785956964894,0.3047169114933197
2026-04-01,2600.0,2600.0,2600.0,1,0.0,1.0,1,4,2,91,5050.0,4415.0,2600.0,5700.0,4050.0,4021.6666666666642,4103.2959183673465,4792.251133786848,1204.9424383099908,-0.48514851485148514,0.0
2026-04-02,5420.0,3800.0,9250.0,5,0.0,1.0,2,4,3,92,2600.0,5050.0,4415.0,4325.0,2600.0,4356.666666666664,4259.724489795918,4993.67970521542,1305.410875989102,1.0846153846153848,0.22763306908267267
2026-04-03,5322.5,4545.0,6100.0,2,0.0,1.0,3,4,4,93,5420.0,2600.0,5050.0,5862.5,4640.111111111111,4447.499999999997,4182.581632653061,5042.421768707483,1207.1682178433296,-0.0179889298892989,0.05396039603960401
2026-04-04,3825.0,2600.0,5600.0,4,0.0,1.0,4,4,5,94,5322.5,5420.0,2600.0,3870.5714285714284,4378.333333333333,4855.833333333331,4176.071428571428,5002.897959183674,1209.252400885613,-0.2813527477689056,0.47115384615384626
2026-04-14,4466.666666666667,2600.0,5700.0,3,0.0,10.0,14,4,1,104,3825.0,5322.5,5420.0,2600.0,4500.0,4538.055555555554,4442.738095238095,5000.517006802722,989.6476545512232,0.1677559912854032,-0.17589175891758912
2026-04-15,4391.666666666667,2600.0,5475.0,3,0.0,1.0,15,4,2,105,4466.666666666667,3825.0,5322.5,4415.0,6800.0,4227.777777777776,4439.404761904762,4828.493197278912,989.7959378969261,-0.016791044776119368,-0.17488648817911379
2026-04-16,4758.75,3725.0,6200.0,4,0.0,1.0,16,4,3,106,4391.666666666667,4466.666666666667,3825.0,5050.0,9750.0,4539.027777777776,4397.797619047619,4471.975340136055,965.6787550747151,0.08358633776091073,0.24411764705882355
2026-04-17,3807.5,2600.0,4500.0,6,0.0,1.0,17,4,4,107,4758.75,4391.666666666667,4466.666666666667,2600.0,5700.0,4319.305555555554,4570.297619047619,4336.796768707483,645.9223376970248,-0.19989493039138428,-0.1475746268656717
2026-04-18,5030.0,2600.0,9850.0,5,0.0,1.0,18,4,5,108,3807.5,4758.75,4391.666666666667,5420.0,4325.0,4532.083333333331,4514.583333333334,4387.153911564626,573.1343020974664,0.3210768220617204,0.14535104364326368
2026-04-19,3430.0,2600.0,4500.0,5,0.0,1.0,19,4,6,109,5030.0,3807.5,4758.75,5322.5,5862.5,4089.1666666666642,4244.226190476191,4213.403911564626,574.867860650599,-0.3180914512922465,-0.2792224848962438
2026-04-20,3362.5,2600.0,4125.0,2,0.0,1.0,20,4,0,110,3430.0,5030.0,3807.5,3825.0,3870.5714285714284,3940.8333333333308,4178.154761904762,4177.1130952380945,652.4276184285578,-0.019679300291545188,-0.11687458962573871
2026-05-01,3850.0,3150.0,4600.0,3,0.0,11.0,1,5,4,121,3362.5,3430.0,5030.0,4466.666666666667,2600.0,3547.4999999999977,4090.059523809524,4266.398809523809,648.6000071276821,0.14498141263940512,-0.2345924453280318
2026-05-02,4850.0,3950.0,6100.0,6,0.0,1.0,2,5,5,122,3850.0,3362.5,3430.0,4391.666666666667,4415.0,4020.8333333333308,4155.535714285715,4297.470238095238,704.8196641188233,0.2597402597402598,0.4139941690962099
2026-05-03,6477.5,3100.0,9700.0,4,0.0,1.0,3,5,6,123,4850.0,3850.0,3362.5,4758.75,5050.0,5059.166666666664,4401.071428571428,4399.434523809524,1124.4451012451837,0.33556701030927827,0.9263940520446097
2026-05-04,3425.5,2600.0,4251.0,2,0.0,1.0,4,5,0,124,6477.5,4850.0,3850.0,3807.5,2600.0,4917.666666666664,4346.5,4458.398809523809,1166.5352545036967,-0.4711694326514859,-0.11025974025974028
2026-06-01,4276.666666666667,2800.0,6100.0,6,0.0,28.0,1,6,0,152,3425.5,6477.5,4850.0,5030.0,5420.0,4726.555555555554,4238.880952380952,4376.732142857143,1127.050607305889,0.24847954069965472,-0.1182130584192439
2026-06-02,5740.0,2600.0,9250.0,7,0.0,1.0,2,6,1,153,4276.666666666667,3425.5,6477.5,3430.0,5322.5,4480.72222222222,4568.880952380952,4406.553571428572,1187.3098745042291,0.3421667965705377,-0.11385565418757237
2026-06-04,4608.0,2600.0,6425.0,5,0.0,2.0,4,6,3,155,5740.0,4276.666666666667,3425.5,3362.5,3825.0,4874.888888888887,4746.809523809524,4462.482142857143,1063.2335656286343,-0.19721254355400697,0.34520507955043067
2026-07-01,4553.571428571428,2600.0,9250.0,7,0.0,27.0,1,7,2,182,4608.0,5740.0,4276.666666666667,3850.0,4466.666666666667,4967.190476190473,4847.319727891156,4468.68962585034,995.41877469237,-0.011811755952380931,0.06474780091303844
2026-07-02,3689.0,2600.0,4500.0,5,0.0,1.0,2,7,3,183,4553.571428571428,4608.0,5740.0,4850.0,4391.666666666667,4283.523809523806,4681.4625850340135,4418.499149659864,1087.3736315365916,-0.18986666666666663,-0.3573170731707317
2026-07-04,6416.666666666667,4400.0,9250.0,3,0.0,2.0,4,7,5,185,3689.0,4553.571428571428,4608.0,6477.5,4758.75,4886.412698412696,4672.772108843537,4536.921768707483,1070.7429372238423,0.739405439595193,0.3925057870370372
2026-08-01,3965.0,3905.0,4025.0,2,0.0,28.0,1,8,5,213,6416.666666666667,3689.0,4553.571428571428,3425.5,3807.5,4690.22222222222,4749.843537414966,4548.171768707483,981.7175624496077,-0.3820779220779221,-0.12925490196078426
2026-08-04,6050.0,3625.0,9650.0,4,0.0,3.0,4,8,1,216,3965.0,6416.666666666667,3689.0,4276.666666666667,5030.0,5477.22222222222,5003.1768707483,4621.028911564626,1064.5720788402941,0.5258511979823455,0.6400108430468963
2026-08-23,4366.666666666667,4250.0,4600.0,3,0.0,19.0,23,8,6,235,6050.0,3965.0,6416.666666666667,5740.0,3430.0,4793.888888888886,4806.986394557824,4687.933673469388,1032.2051041131062,-0.2782369146005509,-0.3194805194805195
